Workbook

Sheet All_Unique_Types
A1: Notes | B1: Assigned manually | C1: Cross check with combined_system.data | D1: Cross check with combined_system.data | E1: Same as B | F1: Except Li (3rd row) everything else is by matching the corresponding sheets for columns F and G | H1: Comment # | I1: Add comments | K1: Compile all the UNIQUE PAIR DATA from all the Excel Sheets | U1: Compile all the UNIQUE BOND DATA from all the Excel Sheets | AA1: Concatenate | AC1: Copy Bond Coeff Data from combined_data.data | AE1: k_lmp = 0.00119502868*k_gmx | AF1: r0 (lmp) = 10*r0(gmx) | AM1: Compile all the UNIQUE ANGLE DATA from all the Excel Sheets | AT1: Combined | AV1: Copy Angle Coeff Data from combined_data.data | AX1: k_lmp = 0.119502868*k_gmx | AY1: theta0 (lmp) = theta0(gmx) | BE1: Compile all the UNIQUE DIHEDRAL DATA from all the Excel Sheets | BQ1: Copy Dihed Coeff Data from combined_data.data | BS1: k1 (lmp) = 0.239*(-2c1 (gmx) -1.5*C3 (gmx)) | BT1: k2 (lmp) = 0.239*(c0 (gmx) + c1 (gmx) + c3 (gmx)) | BU1: k3 (lmp) = -0.5*c3 (gmx) | BV1: k4 (lmp) = -0.25*C4 (gmx)
A2: # | B2: NewID | C2: type | D2: mass | E2: NewType_ID | F2: LJ epsilon (lmp) | G2: Lj sigma (lmp) | H2: # | I2: Comments | K2: # Pair_Coeffs | L2: NewType_ID-1 | M2: NewType_ID-2 | N2: epsilon (kj/mol) | O2: sigma (Angstrom) | P2: cut-off rc (Angstrom) | Q2: #Comments | U2: # | V2: r0 (gmx,nm) | W2: k0 (gmx, kcal/mol) | X2: Type-1 | Y2: Type-2 | Z2: Type1-Type2 | AB2: # Bond Coeffs | AC2: New_BondType_ID | AD2: k_(lmp) | AE2: r0_(lmp) | AF2: # | AG2: Comment | AM2: # | AN2: theta_0 | AO2: k | AP2: type-1 | AQ2: type-2 | AR2: type-3 | AS2: #Combined | AU2: # Angle Coeffs | AV2: New_AngleType_ID | AW2: k_(lmp) | AX2: theta0_(lmp) | AY2: # | AZ2: Comments | BE2: # | BF2: =PEO_LMP_GMX_UniqueMap!BV2&" (gmx)" -> c0 (gmx) | BG2: =PEO_LMP_GMX_UniqueMap!BW2&" (gmx)" -> c1 (gmx) | BH2: =PEO_LMP_GMX_UniqueMap!BX2&" (gmx)" -> c2 (gmx) | BI2: =PEO_LMP_GMX_UniqueMap!BY2&" (gmx)" -> c3 (gmx) | BJ2: =PEO_LMP_GMX_UniqueMap!BZ2&" (gmx)" -> c4 (gmx) | BK2: =PEO_LMP_GMX_UniqueMap!CA2&" (gmx)" -> c5 (gmx) | BL2: sum_c (gmx) | BM2: type | BP2: # Dihedral Coeffs | BQ2: New_DihedType_ID | BR2: k1_(lmp) | BS2: k2_(lmp) | BT2: k3_(lmp) | BU2: k4_(lmp) | BV2: # | BW2: Comments
B3: 1 | C3: Li | D3: 6.941 | E3: =B3 -> 1 | F3: 2.15105 | G3: 2.49 | H3: # | I3: Li-LI/Surface (Ebadi Electrochimica Acta, 234, 43-51) | K3: pair_coeff | L3: =E3 -> 1 | M3: =E3 -> 1 | N3: =F3 -> 2.15105 | O3: =G3 -> 2.49 | P3: =2.5*O3 -> 6.225 | Q3: =H3&" "&I3 -> # Li-LI/Surface (Ebadi Electrochimica Acta, 234, 43-51) | U3: 1 | V3: =PEO_LMP_GMX_UniqueMap!AB3 -> 0.141 | W3: =PEO_LMP_GMX_UniqueMap!AC3 -> 267776 | X3: =PEO_LMP_GMX_UniqueMap!AD3 -> O1P | Y3: =PEO_LMP_GMX_UniqueMap!AE3 -> C1P | Z3: =X3&"-"&Y3 -> O1P-C1P | AB3: bond_coeff | AC3: 1 | AD3: {=_xlfn.XLOOKUP(AG3,$Z$3:$Z$22,ROUND(0.00119502868*$W$3:$W$22,2))} -> 268 | AE3: {=_xlfn.XLOOKUP(AG3,$Z$3:$Z$22,ROUND(10*$V$3:$V$22,4))} -> 1.529 | AF3: # | AG3: C1P-C1P | AM3: 1 | AN3: =PEO_LMP_GMX_UniqueMap!AU3 -> 109.5 | AO3: =PEO_LMP_GMX_UniqueMap!AV3 -> 502.08 | AP3: =PEO_LMP_GMX_UniqueMap!AW3 -> C1P | AQ3: =PEO_LMP_GMX_UniqueMap!AX3 -> O1P | AR3: =PEO_LMP_GMX_UniqueMap!AY3 -> C1P | AS3: =AP3&"-"&AQ3&"-"&AR3 -> C1P-O1P-C1P | AU3: angle_coeff | AV3: 1 | AW3: {=_xlfn.XLOOKUP(AZ3,$AS$3:$AS$37,ROUND(0.119502868*$AO$3:$AO$37,3))} -> 37.5 | AX3: {=_xlfn.XLOOKUP(AZ3,$AS$3:$AS$37,ROUND($AN$3:$AN$37,3))} -> 110.7 | AY3: # | AZ3: C1P-C1P-HP | BE3: 1 | BF3: =PEO_LMP_GMX_UniqueMap!BV3+0.001 -> 1.716 | BG3: =PEO_LMP_GMX_UniqueMap!BW3 -> 2.845 | BH3: =PEO_LMP_GMX_UniqueMap!BX3 -> 1.046 | BI3: =PEO_LMP_GMX_UniqueMap!BY3 -> -5.607 | BJ3: =PEO_LMP_GMX_UniqueMap!BZ3 -> 0 | BK3: =PEO_LMP_GMX_UniqueMap!CA3 -> 0 | BL3: =SUM(BF3:BK3) -> 0 | BM3: =PEO_LMP_GMX_UniqueMap!CB3&"-"&PEO_LMP_GMX_UniqueMap!CC3&"-"&PEO_LMP_GMX_UniqueMap!CD3&"-"&PEO_LMP_GMX_UniqueMap!CE3 -> C1P-C1P-O1P-C1P | BP3: dihedral_coeff | BQ3: 1 | BR3: {=ROUND(0.239005736*(-2*_xlfn.XLOOKUP(BW3,$BM$3:$BM$54,ROUND($BG$3:$BG$54,5)) - 1.5*_xlfn.XLOOKUP(BW3,$BM$3:$BM$54,ROUND($BI$3:$BI$54,5))),3)} -> 0.65 | BS3: {=ROUND(0.239005736*(_xlfn.XLOOKUP(BW3,$BM$3:$BM$54,ROUND($BF$3:$BF$54,5)) + _xlfn.XLOOKUP(BW3,$BM$3:$BM$54,ROUND($BG$3:$BG$54,5)) + _xlfn.XLOOKUP(BW3,$BM$3:$BM$54,ROUND($BI$3:$BI$54,5))),3)} -> -0.25 | BT3: {=ROUND(0.239005736*(-0.5*_xlfn.XLOOKUP(BW3,$BM$3:$BM$54,ROUND($BI$3:$BI$54,5))),3)} -> 0.67 | BU3: {=ROUND(0.239005736*(-0.25*_xlfn.XLOOKUP(BW3,$BM$3:$BM$54,ROUND($BJ$3:$BJ$54,5))),3)} -> 0 | BV3: # | BW3: C1P-C1P-O1P-C1P
B4: =B3+1 -> 2 | C4: =PEO_LMP_GMX_UniqueMap!N3 -> C1P | D4: =PEO_LMP_GMX_UniqueMap!M3 -> 12.011 | E4: =B4 -> 2 | F4: =PEO_LMP_GMX_UniqueMap!J3 -> 0.066 | G4: =PEO_LMP_GMX_UniqueMap!K3 -> 3.5 | H4: # | I4: C-EO/SEI | K4: pair_coeff | L4: =E4 -> 2 | M4: =E4 -> 2 | N4: =F4 -> 0.066 | O4: =G4 -> 3.5 | P4: =2.5*O4 -> 8.75 | Q4: =H4&" "&I4 -> # C-EO/SEI | U4: =U3+1 -> 2 | V4: =PEO_LMP_GMX_UniqueMap!AB4 -> 0.1529 | W4: =PEO_LMP_GMX_UniqueMap!AC4 -> 224262.4 | X4: =PEO_LMP_GMX_UniqueMap!AD4 -> C1P | Y4: =PEO_LMP_GMX_UniqueMap!AE4 -> C1P | Z4: =X4&"-"&Y4 -> C1P-C1P | AB4: bond_coeff | AC4: 2 | AD4: {=_xlfn.XLOOKUP(AG4,$Z$3:$Z$22,ROUND(0.00119502868*$W$3:$W$22,2))} -> 340 | AE4: {=_xlfn.XLOOKUP(AG4,$Z$3:$Z$22,ROUND(10*$V$3:$V$22,4))} -> 1.09 | AF4: # | AG4: HP-C1P | AM4: =AM3+1 -> 2 | AN4: =PEO_LMP_GMX_UniqueMap!AU4 -> 109.5 | AO4: =PEO_LMP_GMX_UniqueMap!AV4 -> 418.4 | AP4: =PEO_LMP_GMX_UniqueMap!AW4 -> O1P | AQ4: =PEO_LMP_GMX_UniqueMap!AX4 -> C1P | AR4: =PEO_LMP_GMX_UniqueMap!AY4 -> C1P | AS4: =AP4&"-"&AQ4&"-"&AR4 -> O1P-C1P-C1P | AU4: angle_coeff | AV4: 2 | AW4: {=_xlfn.XLOOKUP(AZ4,$AS$3:$AS$37,ROUND(0.119502868*$AO$3:$AO$37,3))} -> 50 | AX4: {=_xlfn.XLOOKUP(AZ4,$AS$3:$AS$37,ROUND($AN$3:$AN$37,3))} -> 109.5 | AY4: # | AZ4: O1P-C1P-C1P | BE4: =BE3+1 -> 2 | BF4: =PEO_LMP_GMX_UniqueMap!BV4-0.001 -> 0.627 | BG4: =PEO_LMP_GMX_UniqueMap!BW4 -> 1.883 | BH4: =PEO_LMP_GMX_UniqueMap!BX4 -> 0 | BI4: =PEO_LMP_GMX_UniqueMap!BY4 -> -2.51 | BJ4: =PEO_LMP_GMX_UniqueMap!BZ4 -> 0 | BK4: =PEO_LMP_GMX_UniqueMap!CA4 -> 0 | BL4: =SUM(BF4:BK4) -> 0 | BM4: =PEO_LMP_GMX_UniqueMap!CB4&"-"&PEO_LMP_GMX_UniqueMap!CC4&"-"&PEO_LMP_GMX_UniqueMap!CD4&"-"&PEO_LMP_GMX_UniqueMap!CE4 -> HP-C1P-C1P-HP | BP4: dihedral_coeff | BQ4: 2 | BR4: {=ROUND(0.239005736*(-2*_xlfn.XLOOKUP(BW4,$BM$3:$BM$54,ROUND($BG$3:$BG$54,5)) - 1.5*_xlfn.XLOOKUP(BW4,$BM$3:$BM$54,ROUND($BI$3:$BI$54,5))),3)} -> 0 | BS4: {=ROUND(0.239005736*(_xlfn.XLOOKUP(BW4,$BM$3:$BM$54,ROUND($BF$3:$BF$54,5)) + _xlfn.XLOOKUP(BW4,$BM$3:$BM$54,ROUND($BG$3:$BG$54,5)) + _xlfn.XLOOKUP(BW4,$BM$3:$BM$54,ROUND($BI$3:$BI$54,5))),3)} -> 0 | BT4: {=ROUND(0.239005736*(-0.5*_xlfn.XLOOKUP(BW4,$BM$3:$BM$54,ROUND($BI$3:$BI$54,5))),3)} -> 0.3 | BU4: {=ROUND(0.239005736*(-0.25*_xlfn.XLOOKUP(BW4,$BM$3:$BM$54,ROUND($BJ$3:$BJ$54,5))),3)} -> 0 | BV4: # | BW4: HP-C1P-C1P-HP
B5: =B4+1 -> 3 | C5: =PEO_LMP_GMX_UniqueMap!N5 -> HP | D5: =PEO_LMP_GMX_UniqueMap!M5 -> 1.008 | E5: =B5 -> 3 | F5: =PEO_LMP_GMX_UniqueMap!J5 -> 0.03 | G5: =PEO_LMP_GMX_UniqueMap!K5 -> 2.5 | H5: # | I5: H-EO/SEI | K5: pair_coeff | L5: =E5 -> 3 | M5: =E5 -> 3 | N5: =F5 -> 0.03 | O5: =G5 -> 2.5 | P5: =2.5*O5 -> 6.25 | Q5: =H5&" "&I5 -> # H-EO/SEI | U5: =U4+1 -> 3 | V5: =PEO_LMP_GMX_UniqueMap!AB5 -> 0.109 | W5: =PEO_LMP_GMX_UniqueMap!AC5 -> 284512 | X5: =PEO_LMP_GMX_UniqueMap!AD5 -> HP | Y5: =PEO_LMP_GMX_UniqueMap!AE5 -> C1P | Z5: =X5&"-"&Y5 -> HP-C1P | AB5: bond_coeff | AC5: 3 | AD5: {=_xlfn.XLOOKUP(AG5,$Z$3:$Z$22,ROUND(0.00119502868*$W$3:$W$22,2))} -> 320 | AE5: {=_xlfn.XLOOKUP(AG5,$Z$3:$Z$22,ROUND(10*$V$3:$V$22,4))} -> 1.41 | AF5: # | AG5: O1P-C1P | AM5: =AM4+1 -> 3 | AN5: =PEO_LMP_GMX_UniqueMap!AU5 -> 109.5 | AO5: =PEO_LMP_GMX_UniqueMap!AV5 -> 292.88 | AP5: =PEO_LMP_GMX_UniqueMap!AW5 -> O1P | AQ5: =PEO_LMP_GMX_UniqueMap!AX5 -> C1P | AR5: =PEO_LMP_GMX_UniqueMap!AY5 -> HP | AS5: =AP5&"-"&AQ5&"-"&AR5 -> O1P-C1P-HP | AU5: angle_coeff | AV5: 3 | AW5: {=_xlfn.XLOOKUP(AZ5,$AS$3:$AS$37,ROUND(0.119502868*$AO$3:$AO$37,3))} -> 60 | AX5: {=_xlfn.XLOOKUP(AZ5,$AS$3:$AS$37,ROUND($AN$3:$AN$37,3))} -> 109.5 | AY5: # | AZ5: C1P-O1P-C1P | BE5: =BE4+1 -> 3 | BF5: =PEO_LMP_GMX_UniqueMap!BV5 -> 0.979 | BG5: =PEO_LMP_GMX_UniqueMap!BW5 -> 2.937 | BH5: =PEO_LMP_GMX_UniqueMap!BX5 -> 0 | BI5: =PEO_LMP_GMX_UniqueMap!BY5 -> -3.916 | BJ5: =PEO_LMP_GMX_UniqueMap!BZ5 -> 0 | BK5: =PEO_LMP_GMX_UniqueMap!CA5 -> 0 | BL5: =SUM(BF5:BK5) -> 0 | BM5: =PEO_LMP_GMX_UniqueMap!CB5&"-"&PEO_LMP_GMX_UniqueMap!CC5&"-"&PEO_LMP_GMX_UniqueMap!CD5&"-"&PEO_LMP_GMX_UniqueMap!CE5 -> HP-C1P-C1P-O1P | BP5: dihedral_coeff | BQ5: 3 | BR5: {=ROUND(0.239005736*(-2*_xlfn.XLOOKUP(BW5,$BM$3:$BM$54,ROUND($BG$3:$BG$54,5)) - 1.5*_xlfn.XLOOKUP(BW5,$BM$3:$BM$54,ROUND($BI$3:$BI$54,5))),3)} -> 0 | BS5: {=ROUND(0.239005736*(_xlfn.XLOOKUP(BW5,$BM$3:$BM$54,ROUND($BF$3:$BF$54,5)) + _xlfn.XLOOKUP(BW5,$BM$3:$BM$54,ROUND($BG$3:$BG$54,5)) + _xlfn.XLOOKUP(BW5,$BM$3:$BM$54,ROUND($BI$3:$BI$54,5))),3)} -> 0 | BT5: {=ROUND(0.239005736*(-0.5*_xlfn.XLOOKUP(BW5,$BM$3:$BM$54,ROUND($BI$3:$BI$54,5))),3)} -> 0.468 | BU5: {=ROUND(0.239005736*(-0.25*_xlfn.XLOOKUP(BW5,$BM$3:$BM$54,ROUND($BJ$3:$BJ$54,5))),3)} -> 0 | BV5: # | BW5: HP-C1P-C1P-O1P
B6: =B5+1 -> 4 | C6: =PEO_LMP_GMX_UniqueMap!N4 -> O1P | D6: =PEO_LMP_GMX_UniqueMap!M4 -> 15.999 | E6: =B6 -> 4 | F6: =PEO_LMP_GMX_UniqueMap!J4 -> 0.14 | G6: =PEO_LMP_GMX_UniqueMap!K4 -> 2.9 | H6: # | I6: O-EO/SEI | K6: pair_coeff | L6: =E6 -> 4 | M6: =E6 -> 4 | N6: =F6 -> 0.14 | O6: =G6 -> 2.9 | P6: =2.5*O6 -> 7.25 | Q6: =H6&" "&I6 -> # O-EO/SEI | U6: =U5+1 -> 4 | V6: =CO32M_LMP_GMX_UniqueMap!AB3 -> 0.1229 | W6: =CO32M_LMP_GMX_UniqueMap!AC3 -> 476976 | X6: =CO32M_LMP_GMX_UniqueMap!AD3 -> C1C | Y6: =CO32M_LMP_GMX_UniqueMap!AE3 -> O1C | Z6: =X6&"-"&Y6 -> C1C-O1C | AB6: bond_coeff | AC6: 4 | AD6: {=_xlfn.XLOOKUP(AG6,$Z$3:$Z$22,ROUND(0.00119502868*$W$3:$W$22,2))} -> 570 | AE6: {=_xlfn.XLOOKUP(AG6,$Z$3:$Z$22,ROUND(10*$V$3:$V$22,4))} -> 1.229 | AF6: # | AG6: C1C-O1C | AM6: =AM5+1 -> 4 | AN6: =PEO_LMP_GMX_UniqueMap!AU6 -> 110.7 | AO6: =PEO_LMP_GMX_UniqueMap!AV6 -> 313.8 | AP6: =PEO_LMP_GMX_UniqueMap!AW6 -> C1P | AQ6: =PEO_LMP_GMX_UniqueMap!AX6 -> C1P | AR6: =PEO_LMP_GMX_UniqueMap!AY6 -> HP | AS6: =AP6&"-"&AQ6&"-"&AR6 -> C1P-C1P-HP | AU6: angle_coeff | AV6: 4 | AW6: {=_xlfn.XLOOKUP(AZ6,$AS$3:$AS$37,ROUND(0.119502868*$AO$3:$AO$37,3))} -> 33 | AX6: {=_xlfn.XLOOKUP(AZ6,$AS$3:$AS$37,ROUND($AN$3:$AN$37,3))} -> 107.8 | AY6: # | AZ6: HP-C1P-HP | BE6: =BE5+1 -> 4 | BF6: =PEO_LMP_GMX_UniqueMap!BV6 -> 1.59 | BG6: =PEO_LMP_GMX_UniqueMap!BW6 -> 4.77 | BH6: =PEO_LMP_GMX_UniqueMap!BX6 -> 0 | BI6: =PEO_LMP_GMX_UniqueMap!BY6 -> -6.36 | BJ6: =PEO_LMP_GMX_UniqueMap!BZ6 -> 0 | BK6: =PEO_LMP_GMX_UniqueMap!CA6 -> 0 | BL6: =SUM(BF6:BK6) -> -8.8817842e-16 | BM6: =PEO_LMP_GMX_UniqueMap!CB6&"-"&PEO_LMP_GMX_UniqueMap!CC6&"-"&PEO_LMP_GMX_UniqueMap!CD6&"-"&PEO_LMP_GMX_UniqueMap!CE6 -> HP-C1P-O1P-C1P | BP6: dihedral_coeff | BQ6: 4 | BR6: {=ROUND(0.239005736*(-2*_xlfn.XLOOKUP(BW6,$BM$3:$BM$54,ROUND($BG$3:$BG$54,5)) - 1.5*_xlfn.XLOOKUP(BW6,$BM$3:$BM$54,ROUND($BI$3:$BI$54,5))),3)} -> 0 | BS6: {=ROUND(0.239005736*(_xlfn.XLOOKUP(BW6,$BM$3:$BM$54,ROUND($BF$3:$BF$54,5)) + _xlfn.XLOOKUP(BW6,$BM$3:$BM$54,ROUND($BG$3:$BG$54,5)) + _xlfn.XLOOKUP(BW6,$BM$3:$BM$54,ROUND($BI$3:$BI$54,5))),3)} -> 0 | BT6: {=ROUND(0.239005736*(-0.5*_xlfn.XLOOKUP(BW6,$BM$3:$BM$54,ROUND($BI$3:$BI$54,5))),3)} -> 0.76 | BU6: {=ROUND(0.239005736*(-0.25*_xlfn.XLOOKUP(BW6,$BM$3:$BM$54,ROUND($BJ$3:$BJ$54,5))),3)} -> 0 | BV6: # | BW6: HP-C1P-O1P-C1P
B7: =B6+1 -> 5 | C7: LP | D7: 6.941 | E7: =B7 -> 5 | F7: 0.4 | G7: 1.4 | H7: # | I7: Li-LP/SEI (Table1: https://pubs.acs.org/doi/10.1021/acs.jpcb.3c05591, Wu-Wick) | K7: pair_coeff | L7: =E7 -> 5 | M7: =E7 -> 5 | N7: =F7 -> 0.4 | O7: =G7 -> 1.4 | P7: =2.5*O7 -> 3.5 | Q7: =H7&" "&I7 -> # Li-LP/SEI (Table1: https://pubs.acs.org/doi/10.1021/acs.jpcb.3c05591, Wu-Wick) | U7: =U6+1 -> 5 | V7: =CO32M_LMP_GMX_UniqueMap!AB4 -> 0.1364 | W7: =CO32M_LMP_GMX_UniqueMap!AC4 -> 376560 | X7: =CO32M_LMP_GMX_UniqueMap!AD4 -> O2C | Y7: =CO32M_LMP_GMX_UniqueMap!AE4 -> C1C | Z7: =X7&"-"&Y7 -> O2C-C1C | AB7: bond_coeff | AC7: 5 | AD7: {=_xlfn.XLOOKUP(AG7,$Z$3:$Z$22,ROUND(0.00119502868*$W$3:$W$22,2))} -> 450 | AE7: {=_xlfn.XLOOKUP(AG7,$Z$3:$Z$22,ROUND(10*$V$3:$V$22,4))} -> 1.364 | AF7: # | AG7: O2C-C1C | AM7: =AM6+1 -> 5 | AN7: =PEO_LMP_GMX_UniqueMap!AU7 -> 107.8 | AO7: =PEO_LMP_GMX_UniqueMap!AV7 -> 276.144 | AP7: =PEO_LMP_GMX_UniqueMap!AW7 -> HP | AQ7: =PEO_LMP_GMX_UniqueMap!AX7 -> C1P | AR7: =PEO_LMP_GMX_UniqueMap!AY7 -> HP | AS7: =AP7&"-"&AQ7&"-"&AR7 -> HP-C1P-HP | AU7: angle_coeff | AV7: 5 | AW7: {=_xlfn.XLOOKUP(AZ7,$AS$3:$AS$37,ROUND(0.119502868*$AO$3:$AO$37,3))} -> 35 | AX7: {=_xlfn.XLOOKUP(AZ7,$AS$3:$AS$37,ROUND($AN$3:$AN$37,3))} -> 109.5 | AY7: # | AZ7: O1P-C1P-HP | BE7: =BE6+1 -> 5 | BF7: =PEO_LMP_GMX_UniqueMap!BV7 -> -1.151 | BG7: =PEO_LMP_GMX_UniqueMap!BW7 -> 1.151 | BH7: =PEO_LMP_GMX_UniqueMap!BX7 -> 0 | BI7: =PEO_LMP_GMX_UniqueMap!BY7 -> 0 | BJ7: =PEO_LMP_GMX_UniqueMap!BZ7 -> 0 | BK7: =PEO_LMP_GMX_UniqueMap!CA7 -> 0 | BL7: =SUM(BF7:BK7) -> 0 | BM7: =PEO_LMP_GMX_UniqueMap!CB7&"-"&PEO_LMP_GMX_UniqueMap!CC7&"-"&PEO_LMP_GMX_UniqueMap!CD7&"-"&PEO_LMP_GMX_UniqueMap!CE7 -> O1P-C1P-C1P-O1P | BP7: dihedral_coeff | BQ7: 5 | BR7: {=ROUND(0.239005736*(-2*_xlfn.XLOOKUP(BW7,$BM$3:$BM$54,ROUND($BG$3:$BG$54,5)) - 1.5*_xlfn.XLOOKUP(BW7,$BM$3:$BM$54,ROUND($BI$3:$BI$54,5))),3)} -> -0.55 | BS7: {=ROUND(0.239005736*(_xlfn.XLOOKUP(BW7,$BM$3:$BM$54,ROUND($BF$3:$BF$54,5)) + _xlfn.XLOOKUP(BW7,$BM$3:$BM$54,ROUND($BG$3:$BG$54,5)) + _xlfn.XLOOKUP(BW7,$BM$3:$BM$54,ROUND($BI$3:$BI$54,5))),3)} -> 0 | BT7: {=ROUND(0.239005736*(-0.5*_xlfn.XLOOKUP(BW7,$BM$3:$BM$54,ROUND($BI$3:$BI$54,5))),3)} -> 0 | BU7: {=ROUND(0.239005736*(-0.25*_xlfn.XLOOKUP(BW7,$BM$3:$BM$54,ROUND($BJ$3:$BJ$54,5))),3)} -> 0 | BV7: # | BW7: O1P-C1P-C1P-O1P
B8: =B7+1 -> 6 | C8: =CO32M_LMP_GMX_UniqueMap!N4 -> C1C | D8: =CO32M_LMP_GMX_UniqueMap!M4 -> 12.011 | E8: =B8 -> 6 | F8: =CO32M_LMP_GMX_UniqueMap!J4 -> 0.07 | G8: =CO32M_LMP_GMX_UniqueMap!K4 -> 3.55 | H8: # | I8: C1-COI/SEI | K8: pair_coeff | L8: =E8 -> 6 | M8: =E8 -> 6 | N8: =F8 -> 0.07 | O8: =G8 -> 3.55 | P8: =2.5*O8 -> 8.875 | Q8: =H8&" "&I8 -> # C1-COI/SEI | U8: =U7+1 -> 6 | V8: =MTFSI_LMP_GMX_UniqueMap!AB3 -> 0.109 | W8: =MTFSI_LMP_GMX_UniqueMap!AC3 -> 284512 | X8: =MTFSI_LMP_GMX_UniqueMap!AD3 -> C1MT | Y8: =MTFSI_LMP_GMX_UniqueMap!AE3 -> HMT | Z8: =X8&"-"&Y8 -> C1MT-HMT | AB8: bond_coeff | AC8: 6 | AD8: {=_xlfn.XLOOKUP(AG8,$Z$3:$Z$22,ROUND(0.00119502868*$W$3:$W$22,2))} -> 268 | AE8: {=_xlfn.XLOOKUP(AG8,$Z$3:$Z$22,ROUND(10*$V$3:$V$22,4))} -> 1.529 | AF8: # | AG8: C1MT-C1MT | AM8: =AM7+1 -> 6 | AN8: =CO32M_LMP_GMX_UniqueMap!AU3 -> 121 | AO8: =CO32M_LMP_GMX_UniqueMap!AV3 -> 669.44 | AP8: =CO32M_LMP_GMX_UniqueMap!AW3 -> O1C | AQ8: =CO32M_LMP_GMX_UniqueMap!AX3 -> C1C | AR8: =CO32M_LMP_GMX_UniqueMap!AY3 -> O2C | AS8: =AP8&"-"&AQ8&"-"&AR8 -> O1C-C1C-O2C | AU8: angle_coeff | AV8: 6 | AW8: {=_xlfn.XLOOKUP(AZ8,$AS$3:$AS$37,ROUND(0.119502868*$AO$3:$AO$37,3))} -> 80 | AX8: {=_xlfn.XLOOKUP(AZ8,$AS$3:$AS$37,ROUND($AN$3:$AN$37,3))} -> 121 | AY8: # | AZ8: O1C-C1C-O2C | BE8: =BE7+1 -> 6 | BF8: =MTFSI_LMP_GMX_UniqueMap!BV3 -> -0.209 | BG8: =MTFSI_LMP_GMX_UniqueMap!BW3 -> -0.628 | BH8: =MTFSI_LMP_GMX_UniqueMap!BX3 -> 0 | BI8: =MTFSI_LMP_GMX_UniqueMap!BY3 -> 0.837 | BJ8: =MTFSI_LMP_GMX_UniqueMap!BZ3 -> 0 | BK8: =MTFSI_LMP_GMX_UniqueMap!CA3 -> 0 | BL8: =SUM(BF8:BK8) -> 0 | BM8: =MTFSI_LMP_GMX_UniqueMap!CB3&"-"&MTFSI_LMP_GMX_UniqueMap!CC3&"-"&MTFSI_LMP_GMX_UniqueMap!CD3&"-"&MTFSI_LMP_GMX_UniqueMap!CE3 -> C2MT-C1MT-C1MT-HMT | BP8: dihedral_coeff | BQ8: 6 | BR8: =BR62 -> 1.3 | BS8: =BS62 -> -0.2 | BT8: =BT62 -> 0.2 | BU8: =BU62 -> 0 | BV8: # | BW8: C1MT-C1MT-C1MT-C1MT | BX8: From CCCC in butane
B9: =B8+1 -> 7 | C9: =CO32M_LMP_GMX_UniqueMap!N3 -> O1C | D9: =CO32M_LMP_GMX_UniqueMap!M3 -> 15.999 | E9: =B9 -> 7 | F9: =CO32M_LMP_GMX_UniqueMap!J3 -> 0.21 | G9: =CO32M_LMP_GMX_UniqueMap!K3 -> 2.96 | H9: # | I9: O1-COI/SEI | K9: pair_coeff | L9: =E9 -> 7 | M9: =E9 -> 7 | N9: =F9 -> 0.21 | O9: =G9 -> 2.96 | P9: =2.5*O9 -> 7.4 | Q9: =H9&" "&I9 -> # O1-COI/SEI | U9: =U8+1 -> 7 | V9: =MTFSI_LMP_GMX_UniqueMap!AB4 -> 0.1229 | W9: =MTFSI_LMP_GMX_UniqueMap!AC4 -> 476976 | X9: =MTFSI_LMP_GMX_UniqueMap!AD4 -> O2MT | Y9: =MTFSI_LMP_GMX_UniqueMap!AE4 -> C2MT | Z9: =X9&"-"&Y9 -> O2MT-C2MT | AB9: bond_coeff | AC9: 7 | AD9: =AD8 -> 268 | AE9: =AE8 -> 1.529 | AF9: # | AG9: C1V-C1MT | AH9: ="Same as "&AG8 -> Same as C1MT-C1MT | AM9: =AM8+1 -> 7 | AN9: =CO32M_LMP_GMX_UniqueMap!AU4 -> 118.18 | AO9: =CO32M_LMP_GMX_UniqueMap!AV4 -> 584.923 | AP9: =CO32M_LMP_GMX_UniqueMap!AW4 -> O2C | AQ9: =CO32M_LMP_GMX_UniqueMap!AX4 -> C1C | AR9: =CO32M_LMP_GMX_UniqueMap!AY4 -> O2C | AS9: =AP9&"-"&AQ9&"-"&AR9 -> O2C-C1C-O2C | AU9: angle_coeff | AV9: 7 | AW9: {=_xlfn.XLOOKUP(AZ9,$AS$3:$AS$37,ROUND(0.119502868*$AO$3:$AO$37,3))} -> 69.9 | AX9: {=_xlfn.XLOOKUP(AZ9,$AS$3:$AS$37,ROUND($AN$3:$AN$37,3))} -> 118.18 | AY9: # | AZ9: O2C-C1C-O2C | BE9: =BE8+1 -> 7 | BF9: =MTFSI_LMP_GMX_UniqueMap!BV4 -> -15.611 | BG9: =MTFSI_LMP_GMX_UniqueMap!BW4 -> 0.703 | BH9: =MTFSI_LMP_GMX_UniqueMap!BX4 -> 20.506 | BI9: =MTFSI_LMP_GMX_UniqueMap!BY4 -> -5.598 | BJ9: =MTFSI_LMP_GMX_UniqueMap!BZ4 -> 0 | BK9: =MTFSI_LMP_GMX_UniqueMap!CA4 -> 0 | BL9: =SUM(BF9:BK9) -> -8.8817842e-16 | BM9: =MTFSI_LMP_GMX_UniqueMap!CB4&"-"&MTFSI_LMP_GMX_UniqueMap!CC4&"-"&MTFSI_LMP_GMX_UniqueMap!CD4&"-"&MTFSI_LMP_GMX_UniqueMap!CE4 -> C1MT-SMT-NMT-SMT | BP9: dihedral_coeff | BQ9: 7 | BR9: =BR62 -> 1.3 | BS9: =BS62 -> -0.2 | BT9: =BT62 -> 0.2 | BU9: =BU62 -> 0 | BV9: # | BW9: C1MT-C1MT-C1MT-C1V | BX9: From CCCC in butane
B10: =B9+1 -> 8 | C10: =CO32M_LMP_GMX_UniqueMap!N5 -> O2C | D10: =CO32M_LMP_GMX_UniqueMap!M5 -> 15.999 | E10: =B10 -> 8 | F10: =CO32M_LMP_GMX_UniqueMap!J5 -> 0.17 | G10: =CO32M_LMP_GMX_UniqueMap!K5 -> 3.12 | H10: # | I10: O2-COI/SEI | K10: pair_coeff | L10: =E10 -> 8 | M10: =E10 -> 8 | N10: =F10 -> 0.17 | O10: =G10 -> 3.12 | P10: =2.5*O10 -> 7.8 | Q10: =H10&" "&I10 -> # O2-COI/SEI | U10: =U9+1 -> 8 | V10: =MTFSI_LMP_GMX_UniqueMap!AB5 -> 0.1327 | W10: =MTFSI_LMP_GMX_UniqueMap!AC5 -> 179075.2 | X10: =MTFSI_LMP_GMX_UniqueMap!AD5 -> O1MT | Y10: =MTFSI_LMP_GMX_UniqueMap!AE5 -> C2MT | Z10: =X10&"-"&Y10 -> O1MT-C2MT | AB10: bond_coeff | AC10: 8 | AD10: {=_xlfn.XLOOKUP(AG10,$Z$3:$Z$22,ROUND(0.00119502868*$W$3:$W$22,2))} -> 317 | AE10: {=_xlfn.XLOOKUP(AG10,$Z$3:$Z$22,ROUND(10*$V$3:$V$22,4))} -> 1.522 | AF10: # | AG10: C2MT-C1MT | AM10: =AM9+1 -> 8 | AN10: =MTFSI_LMP_GMX_UniqueMap!AU3 -> 104.36 | AO10: =MTFSI_LMP_GMX_UniqueMap!AV3 -> 658.311 | AP10: =MTFSI_LMP_GMX_UniqueMap!AW3 -> C1MT | AQ10: =MTFSI_LMP_GMX_UniqueMap!AX3 -> SMT | AR10: =MTFSI_LMP_GMX_UniqueMap!AY3 -> NMT | AS10: =AP10&"-"&AQ10&"-"&AR10 -> C1MT-SMT-NMT | AU10: angle_coeff | AV10: 8 | AW10: {=_xlfn.XLOOKUP(AZ10,$AS$3:$AS$37,ROUND(0.119502868*$AO$3:$AO$37,3))} -> 58.35 | AX10: {=_xlfn.XLOOKUP(AZ10,$AS$3:$AS$37,ROUND($AN$3:$AN$37,3))} -> 112.7 | AY10: # | AZ10: C1MT-C1MT-C1MT | BE10: =BE9+1 -> 8 | BF10: =MTFSI_LMP_GMX_UniqueMap!BV5 -> 0.628 | BG10: =MTFSI_LMP_GMX_UniqueMap!BW5 -> 1.883 | BH10: =MTFSI_LMP_GMX_UniqueMap!BX5 -> 0 | BI10: =MTFSI_LMP_GMX_UniqueMap!BY5 -> -2.51 | BJ10: =MTFSI_LMP_GMX_UniqueMap!BZ5 -> 0 | BK10: =MTFSI_LMP_GMX_UniqueMap!CA5 -> 0 | BL10: =SUM(BF10:BK10) -> 0.001 | BM10: =MTFSI_LMP_GMX_UniqueMap!CB5&"-"&MTFSI_LMP_GMX_UniqueMap!CC5&"-"&MTFSI_LMP_GMX_UniqueMap!CD5&"-"&MTFSI_LMP_GMX_UniqueMap!CE5 -> C1MT-C1MT-C1MT-HMT | BP10: dihedral_coeff | BQ10: 8 | BR10: =BR63 -> -2.06 | BS10: =BS63 -> -0.313 | BT10: =BT63 -> 0.315 | BU10: =BU63 -> 0 | BV10: # | BW10: C2MT-C1MT-C1MT-C1MT | BX10: From CCCC in butyric acid
B11: =B10+1 -> 9 | C11: =MTFSI_LMP_GMX_UniqueMap!N5 -> C1MT | D11: =MTFSI_LMP_GMX_UniqueMap!M5 -> 12.011 | E11: =B11 -> 9 | F11: =MTFSI_LMP_GMX_UniqueMap!J5 -> 0.066 | G11: =MTFSI_LMP_GMX_UniqueMap!K5 -> 3.5 | H11: # | I11: C1-MT/Bulk | K11: pair_coeff | L11: =E11 -> 9 | M11: =E11 -> 9 | N11: =F11 -> 0.066 | O11: =G11 -> 3.5 | P11: =2.5*O11 -> 8.75 | Q11: =H11&" "&I11 -> # C1-MT/Bulk | U11: =U10+1 -> 9 | V11: =MTFSI_LMP_GMX_UniqueMap!AB6 -> 0.136 | W11: =MTFSI_LMP_GMX_UniqueMap!AC6 -> 307105.6 | X11: =MTFSI_LMP_GMX_UniqueMap!AD6 -> FMT | Y11: =MTFSI_LMP_GMX_UniqueMap!AE6 -> C1MT | Z11: =X11&"-"&Y11 -> FMT-C1MT | AB11: bond_coeff | AC11: 9 | AD11: {=_xlfn.XLOOKUP(AG11,$Z$3:$Z$22,ROUND(0.00119502868*$W$3:$W$22,2))} -> 367 | AE11: {=_xlfn.XLOOKUP(AG11,$Z$3:$Z$22,ROUND(10*$V$3:$V$22,4))} -> 1.36 | AF11: # | AG11: FMT-C1MT | AM11: =AM10+1 -> 9 | AN11: =MTFSI_LMP_GMX_UniqueMap!AU4 -> 104.36 | AO11: =MTFSI_LMP_GMX_UniqueMap!AV4 -> 658.311 | AP11: =MTFSI_LMP_GMX_UniqueMap!AW4 -> NMT | AQ11: =MTFSI_LMP_GMX_UniqueMap!AX4 -> SMT | AR11: =MTFSI_LMP_GMX_UniqueMap!AY4 -> O3MT | AS11: =AP11&"-"&AQ11&"-"&AR11 -> NMT-SMT-O3MT | AU11: angle_coeff | AV11: 9 | AW11: =AW10 -> 58.35 | AX11: =AX10 -> 112.7 | AY11: # | AZ11: C1MT-C1MT-C1V | BA11: Same as C1MT-C1MT-C1MT | BE11: =BE10+1 -> 9 | BF11: =MTFSI_LMP_GMX_UniqueMap!BV6 -> 2.874 | BG11: =MTFSI_LMP_GMX_UniqueMap!BW6 -> 0.582 | BH11: =MTFSI_LMP_GMX_UniqueMap!BX6 -> 2.092 | BI11: =MTFSI_LMP_GMX_UniqueMap!BY6 -> -5.548 | BJ11: =MTFSI_LMP_GMX_UniqueMap!BZ6 -> 0 | BK11: =MTFSI_LMP_GMX_UniqueMap!CA6 -> 0 | BL11: =SUM(BF11:BK11) -> 0 | BM11: =MTFSI_LMP_GMX_UniqueMap!CB6&"-"&MTFSI_LMP_GMX_UniqueMap!CC6&"-"&MTFSI_LMP_GMX_UniqueMap!CD6&"-"&MTFSI_LMP_GMX_UniqueMap!CE6 -> C1MT-C1MT-C1MT-O1MT | BP11: dihedral_coeff | BQ11: 9 | BR11: {=ROUND(0.239005736*(-2*_xlfn.XLOOKUP(BW11,$BM$3:$BM$54,ROUND($BG$3:$BG$54,5)) - 1.5*_xlfn.XLOOKUP(BW11,$BM$3:$BM$54,ROUND($BI$3:$BI$54,5))),3)} -> 0 | BS11: {=ROUND(0.239005736*(_xlfn.XLOOKUP(BW11,$BM$3:$BM$54,ROUND($BF$3:$BF$54,5)) + _xlfn.XLOOKUP(BW11,$BM$3:$BM$54,ROUND($BG$3:$BG$54,5)) + _xlfn.XLOOKUP(BW11,$BM$3:$BM$54,ROUND($BI$3:$BI$54,5))),3)} -> 0 | BT11: {=ROUND(0.239005736*(-0.5*_xlfn.XLOOKUP(BW11,$BM$3:$BM$54,ROUND($BI$3:$BI$54,5))),3)} -> 0.3 | BU11: {=ROUND(0.239005736*(-0.25*_xlfn.XLOOKUP(BW11,$BM$3:$BM$54,ROUND($BJ$3:$BJ$54,5))),3)} -> 0 | BV11: # | BW11: C1MT-C1MT-C1MT-HMT
B12: 10 | C12: =VEC_LMP_GMX_UniqueMap!N6 -> C1V | D12: =VEC_LMP_GMX_UniqueMap!M6 -> 12.011 | E12: =B12 -> 10 | F12: =VEC_LMP_GMX_UniqueMap!J6 -> 0.066 | G12: =VEC_LMP_GMX_UniqueMap!K6 -> 3.5 | H12: # | I12: C1-VEC/Bulk | K12: pair_coeff | L12: =E12 -> 10 | M12: =E12 -> 10 | N12: =F12 -> 0.066 | O12: =G12 -> 3.5 | P12: =2.5*O12 -> 8.75 | Q12: =H12&" "&I12 -> # C1-VEC/Bulk | U12: =U11+1 -> 10 | V12: =MTFSI_LMP_GMX_UniqueMap!AB7 -> 0.141 | W12: =MTFSI_LMP_GMX_UniqueMap!AC7 -> 267776 | X12: =MTFSI_LMP_GMX_UniqueMap!AD7 -> C1MT | Y12: =MTFSI_LMP_GMX_UniqueMap!AE7 -> O1MT | Z12: =X12&"-"&Y12 -> C1MT-O1MT | AB12: bond_coeff | AC12: 10 | AD12: {=_xlfn.XLOOKUP(AG12,$Z$3:$Z$22,ROUND(0.00119502868*$W$3:$W$22,2))} -> 340 | AE12: {=_xlfn.XLOOKUP(AG12,$Z$3:$Z$22,ROUND(10*$V$3:$V$22,4))} -> 1.09 | AF12: # | AG12: C1MT-HMT | AM12: =AM11+1 -> 10 | AN12: =MTFSI_LMP_GMX_UniqueMap!AU5 -> 107.8 | AO12: =MTFSI_LMP_GMX_UniqueMap!AV5 -> 276.144 | AP12: =MTFSI_LMP_GMX_UniqueMap!AW5 -> HMT | AQ12: =MTFSI_LMP_GMX_UniqueMap!AX5 -> C1MT | AR12: =MTFSI_LMP_GMX_UniqueMap!AY5 -> HMT | AS12: =AP12&"-"&AQ12&"-"&AR12 -> HMT-C1MT-HMT | AU12: angle_coeff | AV12: 10 | AW12: {=_xlfn.XLOOKUP(AZ12,$AS$3:$AS$37,ROUND(0.119502868*$AO$3:$AO$37,3))} -> 63 | AX12: {=_xlfn.XLOOKUP(AZ12,$AS$3:$AS$37,ROUND($AN$3:$AN$37,3))} -> 111.1 | AY12: # | AZ12: C1MT-C1MT-C2MT | BE12: =BE11+1 -> 10 | BF12: =MTFSI_LMP_GMX_UniqueMap!BV7 -> -2.197 | BG12: =MTFSI_LMP_GMX_UniqueMap!BW7 -> 5.201 | BH12: =MTFSI_LMP_GMX_UniqueMap!BX7 -> 0.527 | BI12: =MTFSI_LMP_GMX_UniqueMap!BY7 -> -3.531 | BJ12: =MTFSI_LMP_GMX_UniqueMap!BZ7 -> 0 | BK12: =MTFSI_LMP_GMX_UniqueMap!CA7 -> 0 | BL12: =SUM(BF12:BK12) -> -4.4408921e-16 | BM12: =MTFSI_LMP_GMX_UniqueMap!CB7&"-"&MTFSI_LMP_GMX_UniqueMap!CC7&"-"&MTFSI_LMP_GMX_UniqueMap!CD7&"-"&MTFSI_LMP_GMX_UniqueMap!CE7 -> C1MT-C1MT-O1MT-C2MT | BP12: dihedral_coeff | BQ12: 10 | BR12: {=ROUND(0.239005736*(-2*_xlfn.XLOOKUP(BW12,$BM$3:$BM$54,ROUND($BG$3:$BG$54,5)) - 1.5*_xlfn.XLOOKUP(BW12,$BM$3:$BM$54,ROUND($BI$3:$BI$54,5))),3)} -> 1.711 | BS12: {=ROUND(0.239005736*(_xlfn.XLOOKUP(BW12,$BM$3:$BM$54,ROUND($BF$3:$BF$54,5)) + _xlfn.XLOOKUP(BW12,$BM$3:$BM$54,ROUND($BG$3:$BG$54,5)) + _xlfn.XLOOKUP(BW12,$BM$3:$BM$54,ROUND($BI$3:$BI$54,5))),3)} -> -0.5 | BT12: {=ROUND(0.239005736*(-0.5*_xlfn.XLOOKUP(BW12,$BM$3:$BM$54,ROUND($BI$3:$BI$54,5))),3)} -> 0.663 | BU12: {=ROUND(0.239005736*(-0.25*_xlfn.XLOOKUP(BW12,$BM$3:$BM$54,ROUND($BJ$3:$BJ$54,5))),3)} -> 0 | BV12: # | BW12: C1MT-C1MT-C1MT-O1MT
B13: 11 | C13: =MTFSI_LMP_GMX_UniqueMap!N6 -> C2MT | D13: =MTFSI_LMP_GMX_UniqueMap!M6 -> 12.011 | E13: =B13 -> 11 | F13: =MTFSI_LMP_GMX_UniqueMap!J6 -> 0.07 | G13: =MTFSI_LMP_GMX_UniqueMap!K6 -> 3.55 | H13: # | I13: C2-MT/Bulk | K13: pair_coeff | L13: =E13 -> 11 | M13: =E13 -> 11 | N13: =F13 -> 0.07 | O13: =G13 -> 3.55 | P13: =2.5*O13 -> 8.875 | Q13: =H13&" "&I13 -> # C2-MT/Bulk | U13: =U12+1 -> 11 | V13: =MTFSI_LMP_GMX_UniqueMap!AB8 -> 0.144 | W13: =MTFSI_LMP_GMX_UniqueMap!AC8 -> 585760 | X13: =MTFSI_LMP_GMX_UniqueMap!AD8 -> O3MT | Y13: =MTFSI_LMP_GMX_UniqueMap!AE8 -> SMT | Z13: =X13&"-"&Y13 -> O3MT-SMT | AB13: bond_coeff | AC13: 11 | AD13: {=_xlfn.XLOOKUP(AG13,$Z$3:$Z$22,ROUND(0.00119502868*$W$3:$W$22,2))} -> 320 | AE13: {=_xlfn.XLOOKUP(AG13,$Z$3:$Z$22,ROUND(10*$V$3:$V$22,4))} -> 1.41 | AF13: # | AG13: C1MT-O1MT | AM13: =AM12+1 -> 11 | AN13: =MTFSI_LMP_GMX_UniqueMap!AU6 -> 108.6 | AO13: =MTFSI_LMP_GMX_UniqueMap!AV6 -> 418.4 | AP13: =MTFSI_LMP_GMX_UniqueMap!AW6 -> C1MT | AQ13: =MTFSI_LMP_GMX_UniqueMap!AX6 -> C1MT | AR13: =MTFSI_LMP_GMX_UniqueMap!AY6 -> SMT | AS13: =AP13&"-"&AQ13&"-"&AR13 -> C1MT-C1MT-SMT | AU13: angle_coeff | AV13: 11 | AW13: {=_xlfn.XLOOKUP(AZ13,$AS$3:$AS$37,ROUND(0.119502868*$AO$3:$AO$37,3))} -> 37.5 | AX13: {=_xlfn.XLOOKUP(AZ13,$AS$3:$AS$37,ROUND($AN$3:$AN$37,3))} -> 110.7 | AY13: # | AZ13: HMT-C1MT-C1MT | BE13: =BE12+1 -> 11 | BF13: =MTFSI_LMP_GMX_UniqueMap!BV8 -> 31.206 | BG13: =MTFSI_LMP_GMX_UniqueMap!BW8 -> -9.768 | BH13: =MTFSI_LMP_GMX_UniqueMap!BX8 -> -21.439 | BI13: =MTFSI_LMP_GMX_UniqueMap!BY8 -> 0 | BJ13: =MTFSI_LMP_GMX_UniqueMap!BZ8 -> 0 | BK13: =MTFSI_LMP_GMX_UniqueMap!CA8 -> 0 | BL13: =SUM(BF13:BK13) -> -0.001 | BM13: =MTFSI_LMP_GMX_UniqueMap!CB8&"-"&MTFSI_LMP_GMX_UniqueMap!CC8&"-"&MTFSI_LMP_GMX_UniqueMap!CD8&"-"&MTFSI_LMP_GMX_UniqueMap!CE8 -> C1MT-O1MT-C2MT-C1MT | BP13: dihedral_coeff | BQ13: 11 | BR13: {=ROUND(0.239005736*(-2*_xlfn.XLOOKUP(BW13,$BM$3:$BM$54,ROUND($BG$3:$BG$54,5)) - 1.5*_xlfn.XLOOKUP(BW13,$BM$3:$BM$54,ROUND($BI$3:$BI$54,5))),3)} -> 1.262 | BS13: {=ROUND(0.239005736*(_xlfn.XLOOKUP(BW13,$BM$3:$BM$54,ROUND($BF$3:$BF$54,5)) + _xlfn.XLOOKUP(BW13,$BM$3:$BM$54,ROUND($BG$3:$BG$54,5)) + _xlfn.XLOOKUP(BW13,$BM$3:$BM$54,ROUND($BI$3:$BI$54,5))),3)} -> -0.198 | BT13: {=ROUND(0.239005736*(-0.5*_xlfn.XLOOKUP(BW13,$BM$3:$BM$54,ROUND($BI$3:$BI$54,5))),3)} -> 0.465 | BU13: {=ROUND(0.239005736*(-0.25*_xlfn.XLOOKUP(BW13,$BM$3:$BM$54,ROUND($BJ$3:$BJ$54,5))),3)} -> 0 | BV13: # | BW13: SMT-C1MT-C1MT-C1MT
B14: 12 | C14: =VEC_LMP_GMX_UniqueMap!N7 -> C2V | D14: =VEC_LMP_GMX_UniqueMap!M7 -> 12.011 | E14: =B14 -> 12 | F14: =VEC_LMP_GMX_UniqueMap!J7 -> 0.07 | G14: =VEC_LMP_GMX_UniqueMap!K7 -> 3.55 | H14: # | I14: C2-VEC/Bulk | K14: pair_coeff | L14: =E14 -> 12 | M14: =E14 -> 12 | N14: =F14 -> 0.07 | O14: =G14 -> 3.55 | P14: =2.5*O14 -> 8.875 | Q14: =H14&" "&I14 -> # C2-VEC/Bulk | U14: =U13+1 -> 12 | V14: =MTFSI_LMP_GMX_UniqueMap!AB9 -> 0.1522 | W14: =MTFSI_LMP_GMX_UniqueMap!AC9 -> 265265.6 | X14: =MTFSI_LMP_GMX_UniqueMap!AD9 -> C2MT | Y14: =MTFSI_LMP_GMX_UniqueMap!AE9 -> C1MT | Z14: =X14&"-"&Y14 -> C2MT-C1MT | AB14: bond_coeff | AC14: 12 | AD14: {=_xlfn.XLOOKUP(AG14,$Z$3:$Z$22,ROUND(0.00119502868*$W$3:$W$22,2))} -> 340 | AE14: {=_xlfn.XLOOKUP(AG14,$Z$3:$Z$22,ROUND(10*$V$3:$V$22,4))} -> 1.77 | AF14: # | AG14: SMT-C1MT | AM14: =AM13+1 -> 12 | AN14: =MTFSI_LMP_GMX_UniqueMap!AU7 -> 108.9 | AO14: =MTFSI_LMP_GMX_UniqueMap!AV7 -> 619.232 | AP14: =MTFSI_LMP_GMX_UniqueMap!AW7 -> C1MT | AQ14: =MTFSI_LMP_GMX_UniqueMap!AX7 -> SMT | AR14: =MTFSI_LMP_GMX_UniqueMap!AY7 -> O3MT | AS14: =AP14&"-"&AQ14&"-"&AR14 -> C1MT-SMT-O3MT | AU14: angle_coeff | AV14: 12 | AW14: {=_xlfn.XLOOKUP(AZ14,$AS$3:$AS$37,ROUND(0.119502868*$AO$3:$AO$37,3))} -> 50 | AX14: {=_xlfn.XLOOKUP(AZ14,$AS$3:$AS$37,ROUND($AN$3:$AN$37,3))} -> 109.5 | AY14: # | AZ14: O1MT-C1MT-C1MT | BE14: =BE13+1 -> 12 | BF14: =MTFSI_LMP_GMX_UniqueMap!BV9 -> 21.439 | BG14: =MTFSI_LMP_GMX_UniqueMap!BW9 -> 0 | BH14: =MTFSI_LMP_GMX_UniqueMap!BX9 -> -21.439 | BI14: =MTFSI_LMP_GMX_UniqueMap!BY9 -> 0 | BJ14: =MTFSI_LMP_GMX_UniqueMap!BZ9 -> 0 | BK14: =MTFSI_LMP_GMX_UniqueMap!CA9 -> 0 | BL14: =SUM(BF14:BK14) -> 0 | BM14: =MTFSI_LMP_GMX_UniqueMap!CB9&"-"&MTFSI_LMP_GMX_UniqueMap!CC9&"-"&MTFSI_LMP_GMX_UniqueMap!CD9&"-"&MTFSI_LMP_GMX_UniqueMap!CE9 -> C1MT-O1MT-C2MT-O2MT | BP14: dihedral_coeff | BQ14: 12 | BR14: =BR62 -> 1.3 | BS14: =BS62 -> -0.2 | BT14: =BT62 -> 0.2 | BU14: =BU62 -> 0 | BV14: # | BW14: C1MT-C1MT-C1V-C1V | BX14: From CCCC in butane
B15: 13 | C15: =MTFSI_LMP_GMX_UniqueMap!N4 -> FMT | D15: =MTFSI_LMP_GMX_UniqueMap!M4 -> 18.998 | E15: =B15 -> 13 | F15: =MTFSI_LMP_GMX_UniqueMap!J4 -> 0.06 | G15: =MTFSI_LMP_GMX_UniqueMap!K4 -> 2.9 | H15: # | I15: F-MT/Bulk | K15: pair_coeff | L15: =E15 -> 13 | M15: =E15 -> 13 | N15: =F15 -> 0.06 | O15: =G15 -> 2.9 | P15: =2.5*O15 -> 7.25 | Q15: =H15&" "&I15 -> # F-MT/Bulk | U15: =U14+1 -> 13 | V15: =MTFSI_LMP_GMX_UniqueMap!AB10 -> 0.1529 | W15: =MTFSI_LMP_GMX_UniqueMap!AC10 -> 224262.4 | X15: =MTFSI_LMP_GMX_UniqueMap!AD10 -> C1MT | Y15: =MTFSI_LMP_GMX_UniqueMap!AE10 -> C1MT | Z15: =X15&"-"&Y15 -> C1MT-C1MT | AB15: bond_coeff | AC15: 13 | AD15: {=_xlfn.XLOOKUP(AG15,$Z$3:$Z$22,ROUND(0.00119502868*$W$3:$W$22,2))} -> 268 | AE15: {=_xlfn.XLOOKUP(AG15,$Z$3:$Z$22,ROUND(10*$V$3:$V$22,4))} -> 1.529 | AF15: # | AG15: C1V-C1V | AM15: =AM14+1 -> 13 | AN15: =MTFSI_LMP_GMX_UniqueMap!AU8 -> 109.1 | AO15: =MTFSI_LMP_GMX_UniqueMap!AV8 -> 644.336 | AP15: =MTFSI_LMP_GMX_UniqueMap!AW8 -> FMT | AQ15: =MTFSI_LMP_GMX_UniqueMap!AX8 -> C1MT | AR15: =MTFSI_LMP_GMX_UniqueMap!AY8 -> FMT | AS15: =AP15&"-"&AQ15&"-"&AR15 -> FMT-C1MT-FMT | AU15: angle_coeff | AV15: 13 | AW15: {=_xlfn.XLOOKUP(AZ15,$AS$3:$AS$37,ROUND(0.119502868*$AO$3:$AO$37,3))} -> 50 | AX15: {=_xlfn.XLOOKUP(AZ15,$AS$3:$AS$37,ROUND($AN$3:$AN$37,3))} -> 108.6 | AY15: # | AZ15: C1MT-C1MT-SMT | BE15: =BE14+1 -> 13 | BF15: =MTFSI_LMP_GMX_UniqueMap!BV10 -> 0 | BG15: =MTFSI_LMP_GMX_UniqueMap!BW10 -> 0 | BH15: =MTFSI_LMP_GMX_UniqueMap!BX10 -> 0 | BI15: =MTFSI_LMP_GMX_UniqueMap!BY10 -> 0 | BJ15: =MTFSI_LMP_GMX_UniqueMap!BZ10 -> 0 | BK15: =MTFSI_LMP_GMX_UniqueMap!CA10 -> 0 | BL15: =SUM(BF15:BK15) -> 0 | BM15: =MTFSI_LMP_GMX_UniqueMap!CB10&"-"&MTFSI_LMP_GMX_UniqueMap!CC10&"-"&MTFSI_LMP_GMX_UniqueMap!CD10&"-"&MTFSI_LMP_GMX_UniqueMap!CE10 -> FMT-C1MT-SMT-NMT | BP15: dihedral_coeff | BQ15: 13 | BR15: =BR11 -> 0 | BS15: =BS11 -> 0 | BT15: =BT11 -> 0.3 | BU15: =BU11 -> 0 | BV15: # | BW15: C1MT-C1MT-C1V-HV | BX15: ="Same as "&BW11 -> Same as C1MT-C1MT-C1MT-HMT
B16: 14 | C16: =MTFSI_LMP_GMX_UniqueMap!N3 -> HMT | D16: =MTFSI_LMP_GMX_UniqueMap!M3 -> 1.008 | E16: =B16 -> 14 | F16: =MTFSI_LMP_GMX_UniqueMap!J3 -> 0.03 | G16: =MTFSI_LMP_GMX_UniqueMap!K3 -> 2.5 | H16: # | I16: H-MT/Bulk | K16: pair_coeff | L16: =E16 -> 14 | M16: =E16 -> 14 | N16: =F16 -> 0.03 | O16: =G16 -> 2.5 | P16: =2.5*O16 -> 6.25 | Q16: =H16&" "&I16 -> # H-MT/Bulk | U16: =U15+1 -> 14 | V16: =MTFSI_LMP_GMX_UniqueMap!AB11 -> 0.173 | W16: =MTFSI_LMP_GMX_UniqueMap!AC11 -> 209200 | X16: =MTFSI_LMP_GMX_UniqueMap!AD11 -> NMT | Y16: =MTFSI_LMP_GMX_UniqueMap!AE11 -> SMT | Z16: =X16&"-"&Y16 -> NMT-SMT | AB16: bond_coeff | AC16: 14 | AD16: {=_xlfn.XLOOKUP(AG16,$Z$3:$Z$22,ROUND(0.00119502868*$W$3:$W$22,2))} -> 340 | AE16: {=_xlfn.XLOOKUP(AG16,$Z$3:$Z$22,ROUND(10*$V$3:$V$22,4))} -> 1.09 | AF16: # | AG16: C1V-HV | AM16: =AM15+1 -> 14 | AN16: =MTFSI_LMP_GMX_UniqueMap!AU9 -> 109.5 | AO16: =MTFSI_LMP_GMX_UniqueMap!AV9 -> 418.4 | AP16: =MTFSI_LMP_GMX_UniqueMap!AW9 -> O1MT | AQ16: =MTFSI_LMP_GMX_UniqueMap!AX9 -> C1MT | AR16: =MTFSI_LMP_GMX_UniqueMap!AY9 -> C1MT | AS16: =AP16&"-"&AQ16&"-"&AR16 -> O1MT-C1MT-C1MT | AU16: angle_coeff | AV16: 14 | AW16: =AW10 -> 58.35 | AX16: =AX10 -> 112.7 | AY16: # | AZ16: C1MT-C1V-C1V | BA16: Same as C1MT-C1MT-C1MT | BE16: =BE15+1 -> 14 | BF16: =MTFSI_LMP_GMX_UniqueMap!BV11 -> 0 | BG16: =MTFSI_LMP_GMX_UniqueMap!BW11 -> 0 | BH16: =MTFSI_LMP_GMX_UniqueMap!BX11 -> 0 | BI16: =MTFSI_LMP_GMX_UniqueMap!BY11 -> 0 | BJ16: =MTFSI_LMP_GMX_UniqueMap!BZ11 -> 0 | BK16: =MTFSI_LMP_GMX_UniqueMap!CA11 -> 0 | BL16: =SUM(BF16:BK16) -> 0 | BM16: =MTFSI_LMP_GMX_UniqueMap!CB11&"-"&MTFSI_LMP_GMX_UniqueMap!CC11&"-"&MTFSI_LMP_GMX_UniqueMap!CD11&"-"&MTFSI_LMP_GMX_UniqueMap!CE11 -> FMT-C1MT-SMT-O3MT | BP16: dihedral_coeff | BQ16: 14 | BR16: {=ROUND(0.239005736*(-2*_xlfn.XLOOKUP(BW16,$BM$3:$BM$54,ROUND($BG$3:$BG$54,5)) - 1.5*_xlfn.XLOOKUP(BW16,$BM$3:$BM$54,ROUND($BI$3:$BI$54,5))),3)} -> 0 | BS16: {=ROUND(0.239005736*(_xlfn.XLOOKUP(BW16,$BM$3:$BM$54,ROUND($BF$3:$BF$54,5)) + _xlfn.XLOOKUP(BW16,$BM$3:$BM$54,ROUND($BG$3:$BG$54,5)) + _xlfn.XLOOKUP(BW16,$BM$3:$BM$54,ROUND($BI$3:$BI$54,5))),3)} -> 0 | BT16: {=ROUND(0.239005736*(-0.5*_xlfn.XLOOKUP(BW16,$BM$3:$BM$54,ROUND($BI$3:$BI$54,5))),3)} -> -0.553 | BU16: {=ROUND(0.239005736*(-0.25*_xlfn.XLOOKUP(BW16,$BM$3:$BM$54,ROUND($BJ$3:$BJ$54,5))),3)} -> 0 | BV16: # | BW16: O1MT-C2MT-C1MT-C1MT
B17: =B16+1 -> 15 | C17: =VEC_LMP_GMX_UniqueMap!N3 -> HV | D17: =VEC_LMP_GMX_UniqueMap!M3 -> 1.008 | E17: =B17 -> 15 | F17: =VEC_LMP_GMX_UniqueMap!J3 -> 0.03 | G17: =VEC_LMP_GMX_UniqueMap!K3 -> 2.5 | H17: # | I17: H-VEC/Bulk | K17: pair_coeff | L17: =E17 -> 15 | M17: =E17 -> 15 | N17: =F17 -> 0.03 | O17: =G17 -> 2.5 | P17: =2.5*O17 -> 6.25 | Q17: =H17&" "&I17 -> # H-VEC/Bulk | U17: =U16+1 -> 15 | V17: =MTFSI_LMP_GMX_UniqueMap!AB12 -> 0.177 | W17: =MTFSI_LMP_GMX_UniqueMap!AC12 -> 284512 | X17: =MTFSI_LMP_GMX_UniqueMap!AD12 -> SMT | Y17: =MTFSI_LMP_GMX_UniqueMap!AE12 -> C1MT | Z17: =X17&"-"&Y17 -> SMT-C1MT | AB17: bond_coeff | AC17: 15 | AD17: {=_xlfn.XLOOKUP(AG17,$Z$3:$Z$22,ROUND(0.00119502868*$W$3:$W$22,2))} -> 320 | AE17: {=_xlfn.XLOOKUP(AG17,$Z$3:$Z$22,ROUND(10*$V$3:$V$22,4))} -> 1.41 | AF17: # | AG17: O1V-C1V | AM17: =AM16+1 -> 15 | AN17: =MTFSI_LMP_GMX_UniqueMap!AU10 -> 109.5 | AO17: =MTFSI_LMP_GMX_UniqueMap!AV10 -> 292.88 | AP17: =MTFSI_LMP_GMX_UniqueMap!AW10 -> O1MT | AQ17: =MTFSI_LMP_GMX_UniqueMap!AX10 -> C1MT | AR17: =MTFSI_LMP_GMX_UniqueMap!AY10 -> HMT | AS17: =AP17&"-"&AQ17&"-"&AR17 -> O1MT-C1MT-HMT | AU17: angle_coeff | AV17: 15 | AW17: =AW3 -> 37.5 | AX17: =AX3 -> 110.7 | AY17: # | AZ17: C1MT-C1V-HV | BA17: Same as HMT-C1MT-C1MT | BE17: =BE16+1 -> 15 | BF17: =MTFSI_LMP_GMX_UniqueMap!BV12 -> -0.209 | BG17: =MTFSI_LMP_GMX_UniqueMap!BW12 -> -0.628 | BH17: =MTFSI_LMP_GMX_UniqueMap!BX12 -> 0 | BI17: =MTFSI_LMP_GMX_UniqueMap!BY12 -> 0.837 | BJ17: =MTFSI_LMP_GMX_UniqueMap!BZ12 -> 0 | BK17: =MTFSI_LMP_GMX_UniqueMap!CA12 -> 0 | BL17: =SUM(BF17:BK17) -> 0 | BM17: =MTFSI_LMP_GMX_UniqueMap!CB12&"-"&MTFSI_LMP_GMX_UniqueMap!CC12&"-"&MTFSI_LMP_GMX_UniqueMap!CD12&"-"&MTFSI_LMP_GMX_UniqueMap!CE12 -> HMT-C1MT-C1MT-C2MT | BP17: dihedral_coeff | BQ17: 15 | BR17: {=ROUND(0.239005736*(-2*_xlfn.XLOOKUP(BW17,$BM$3:$BM$54,ROUND($BG$3:$BG$54,5)) - 1.5*_xlfn.XLOOKUP(BW17,$BM$3:$BM$54,ROUND($BI$3:$BI$54,5))),3)} -> 0 | BS17: {=ROUND(0.239005736*(_xlfn.XLOOKUP(BW17,$BM$3:$BM$54,ROUND($BF$3:$BF$54,5)) + _xlfn.XLOOKUP(BW17,$BM$3:$BM$54,ROUND($BG$3:$BG$54,5)) + _xlfn.XLOOKUP(BW17,$BM$3:$BM$54,ROUND($BI$3:$BI$54,5))),3)} -> 0 | BT17: {=ROUND(0.239005736*(-0.5*_xlfn.XLOOKUP(BW17,$BM$3:$BM$54,ROUND($BI$3:$BI$54,5))),3)} -> 0 | BU17: {=ROUND(0.239005736*(-0.25*_xlfn.XLOOKUP(BW17,$BM$3:$BM$54,ROUND($BJ$3:$BJ$54,5))),3)} -> 0 | BV17: # | BW17: O2MT-C2MT-C1MT-C1MT
B18: =B17+1 -> 16 | C18: =MTFSI_LMP_GMX_UniqueMap!N8 -> NMT | D18: =MTFSI_LMP_GMX_UniqueMap!M8 -> 14.007 | E18: =B18 -> 16 | F18: =MTFSI_LMP_GMX_UniqueMap!J8 -> 0.17 | G18: =MTFSI_LMP_GMX_UniqueMap!K8 -> 3.25 | H18: # | I18: N-MT/Bulk | K18: pair_coeff | L18: =E18 -> 16 | M18: =E18 -> 16 | N18: =F18 -> 0.17 | O18: =G18 -> 3.25 | P18: =2.5*O18 -> 8.125 | Q18: =H18&" "&I18 -> # N-MT/Bulk | U18: =U17+1 -> 16 | V18: =VEC_LMP_GMX_UniqueMap!AB3 -> 0.109 | W18: =VEC_LMP_GMX_UniqueMap!AC3 -> 284512 | X18: =VEC_LMP_GMX_UniqueMap!AD3 -> C1V | Y18: =VEC_LMP_GMX_UniqueMap!AE3 -> HV | Z18: =X18&"-"&Y18 -> C1V-HV | AB18: bond_coeff | AC18: 16 | AD18: {=_xlfn.XLOOKUP(AG18,$Z$3:$Z$22,ROUND(0.00119502868*$W$3:$W$22,2))} -> 214 | AE18: {=_xlfn.XLOOKUP(AG18,$Z$3:$Z$22,ROUND(10*$V$3:$V$22,4))} -> 1.327 | AF18: # | AG18: O1MT-C2MT | AM18: =AM17+1 -> 16 | AN18: =MTFSI_LMP_GMX_UniqueMap!AU11 -> 109.5 | AO18: =MTFSI_LMP_GMX_UniqueMap!AV11 -> 418.4 | AP18: =MTFSI_LMP_GMX_UniqueMap!AW11 -> SMT | AQ18: =MTFSI_LMP_GMX_UniqueMap!AX11 -> C1MT | AR18: =MTFSI_LMP_GMX_UniqueMap!AY11 -> FMT | AS18: =AP18&"-"&AQ18&"-"&AR18 -> SMT-C1MT-FMT | AU18: angle_coeff | AV18: 16 | AW18: {=_xlfn.XLOOKUP(AZ18,$AS$3:$AS$37,ROUND(0.119502868*$AO$3:$AO$37,3))} -> 81 | AX18: {=_xlfn.XLOOKUP(AZ18,$AS$3:$AS$37,ROUND($AN$3:$AN$37,3))} -> 111.4 | AY18: # | AZ18: C1MT-C2MT-O1MT | BE18: =BE17+1 -> 16 | BF18: =MTFSI_LMP_GMX_UniqueMap!BV13 -> 0.628 | BG18: =MTFSI_LMP_GMX_UniqueMap!BW13 -> 1.883 | BH18: =MTFSI_LMP_GMX_UniqueMap!BX13 -> 0 | BI18: =MTFSI_LMP_GMX_UniqueMap!BY13 -> -2.51 | BJ18: =MTFSI_LMP_GMX_UniqueMap!BZ13 -> 0 | BK18: =MTFSI_LMP_GMX_UniqueMap!CA13 -> 0 | BL18: =SUM(BF18:BK18) -> 0.001 | BM18: =MTFSI_LMP_GMX_UniqueMap!CB13&"-"&MTFSI_LMP_GMX_UniqueMap!CC13&"-"&MTFSI_LMP_GMX_UniqueMap!CD13&"-"&MTFSI_LMP_GMX_UniqueMap!CE13 -> HMT-C1MT-C1MT-C1MT | BP18: dihedral_coeff | BQ18: 16 | BR18: {=ROUND(0.239005736*(-2*_xlfn.XLOOKUP(BW18,$BM$3:$BM$54,ROUND($BG$3:$BG$54,5)) - 1.5*_xlfn.XLOOKUP(BW18,$BM$3:$BM$54,ROUND($BI$3:$BI$54,5))),3)} -> -1.22 | BS18: {=ROUND(0.239005736*(_xlfn.XLOOKUP(BW18,$BM$3:$BM$54,ROUND($BF$3:$BF$54,5)) + _xlfn.XLOOKUP(BW18,$BM$3:$BM$54,ROUND($BG$3:$BG$54,5)) + _xlfn.XLOOKUP(BW18,$BM$3:$BM$54,ROUND($BI$3:$BI$54,5))),3)} -> -0.126 | BT18: {=ROUND(0.239005736*(-0.5*_xlfn.XLOOKUP(BW18,$BM$3:$BM$54,ROUND($BI$3:$BI$54,5))),3)} -> 0.422 | BU18: {=ROUND(0.239005736*(-0.25*_xlfn.XLOOKUP(BW18,$BM$3:$BM$54,ROUND($BJ$3:$BJ$54,5))),3)} -> 0 | BV18: # | BW18: C1MT-C1MT-O1MT-C2MT
B19: =B18+1 -> 17 | C19: =MTFSI_LMP_GMX_UniqueMap!N7 -> O1MT | D19: =MTFSI_LMP_GMX_UniqueMap!M7 -> 15.999 | E19: =B19 -> 17 | F19: =MTFSI_LMP_GMX_UniqueMap!J7 -> 0.14 | G19: =MTFSI_LMP_GMX_UniqueMap!K7 -> 2.9 | H19: # | I19: O1-MT/Bulk | K19: pair_coeff | L19: =E19 -> 17 | M19: =E19 -> 17 | N19: =F19 -> 0.14 | O19: =G19 -> 2.9 | P19: =2.5*O19 -> 7.25 | Q19: =H19&" "&I19 -> # O1-MT/Bulk | U19: =U18+1 -> 17 | V19: =VEC_LMP_GMX_UniqueMap!AB4 -> 0.1229 | W19: =VEC_LMP_GMX_UniqueMap!AC4 -> 476976 | X19: =VEC_LMP_GMX_UniqueMap!AD4 -> O2V | Y19: =VEC_LMP_GMX_UniqueMap!AE4 -> C2V | Z19: =X19&"-"&Y19 -> O2V-C2V | AB19: bond_coeff | AC19: 17 | AD19: {=_xlfn.XLOOKUP(AG19,$Z$3:$Z$22,ROUND(0.00119502868*$W$3:$W$22,2))} -> 570 | AE19: {=_xlfn.XLOOKUP(AG19,$Z$3:$Z$22,ROUND(10*$V$3:$V$22,4))} -> 1.229 | AF19: # | AG19: O2MT-C2MT | AM19: =AM18+1 -> 17 | AN19: =MTFSI_LMP_GMX_UniqueMap!AU12 -> 109.5 | AO19: =MTFSI_LMP_GMX_UniqueMap!AV12 -> 292.88 | AP19: =MTFSI_LMP_GMX_UniqueMap!AW12 -> SMT | AQ19: =MTFSI_LMP_GMX_UniqueMap!AX12 -> C1MT | AR19: =MTFSI_LMP_GMX_UniqueMap!AY12 -> HMT | AS19: =AP19&"-"&AQ19&"-"&AR19 -> SMT-C1MT-HMT | AU19: angle_coeff | AV19: 17 | AW19: {=_xlfn.XLOOKUP(AZ19,$AS$3:$AS$37,ROUND(0.119502868*$AO$3:$AO$37,3))} -> 80 | AX19: {=_xlfn.XLOOKUP(AZ19,$AS$3:$AS$37,ROUND($AN$3:$AN$37,3))} -> 120.4 | AY19: # | AZ19: C1MT-C2MT-O2MT | BE19: =BE18+1 -> 17 | BF19: =MTFSI_LMP_GMX_UniqueMap!BV14 -> 0.628 | BG19: =MTFSI_LMP_GMX_UniqueMap!BW14 -> 1.883 | BH19: =MTFSI_LMP_GMX_UniqueMap!BX14 -> 0 | BI19: =MTFSI_LMP_GMX_UniqueMap!BY14 -> -2.51 | BJ19: =MTFSI_LMP_GMX_UniqueMap!BZ14 -> 0 | BK19: =MTFSI_LMP_GMX_UniqueMap!CA14 -> 0 | BL19: =SUM(BF19:BK19) -> 0.001 | BM19: =MTFSI_LMP_GMX_UniqueMap!CB14&"-"&MTFSI_LMP_GMX_UniqueMap!CC14&"-"&MTFSI_LMP_GMX_UniqueMap!CD14&"-"&MTFSI_LMP_GMX_UniqueMap!CE14 -> HMT-C1MT-C1MT-HMT | BP19: dihedral_coeff | BQ19: 17 | BR19: {=ROUND(0.239005736*(-2*_xlfn.XLOOKUP(BW19,$BM$3:$BM$54,ROUND($BG$3:$BG$54,5)) - 1.5*_xlfn.XLOOKUP(BW19,$BM$3:$BM$54,ROUND($BI$3:$BI$54,5))),3)} -> 0 | BS19: {=ROUND(0.239005736*(_xlfn.XLOOKUP(BW19,$BM$3:$BM$54,ROUND($BF$3:$BF$54,5)) + _xlfn.XLOOKUP(BW19,$BM$3:$BM$54,ROUND($BG$3:$BG$54,5)) + _xlfn.XLOOKUP(BW19,$BM$3:$BM$54,ROUND($BI$3:$BI$54,5))),3)} -> 0 | BT19: {=ROUND(0.239005736*(-0.5*_xlfn.XLOOKUP(BW19,$BM$3:$BM$54,ROUND($BI$3:$BI$54,5))),3)} -> 0 | BU19: {=ROUND(0.239005736*(-0.25*_xlfn.XLOOKUP(BW19,$BM$3:$BM$54,ROUND($BJ$3:$BJ$54,5))),3)} -> 0 | BV19: # | BW19: NMT-SMT-C1MT-C1MT
B20: =B19+1 -> 18 | C20: =VEC_LMP_GMX_UniqueMap!N4 -> O1V | D20: =VEC_LMP_GMX_UniqueMap!M4 -> 15.999 | E20: =B20 -> 18 | F20: =VEC_LMP_GMX_UniqueMap!J4 -> 0.14 | G20: =VEC_LMP_GMX_UniqueMap!K4 -> 2.9 | H20: # | I20: O1-VEC/Bulk | K20: pair_coeff | L20: =E20 -> 18 | M20: =E20 -> 18 | N20: =F20 -> 0.14 | O20: =G20 -> 2.9 | P20: =2.5*O20 -> 7.25 | Q20: =H20&" "&I20 -> # O1-VEC/Bulk | U20: =U19+1 -> 18 | V20: =VEC_LMP_GMX_UniqueMap!AB5 -> 0.1327 | W20: =VEC_LMP_GMX_UniqueMap!AC5 -> 179075.2 | X20: =VEC_LMP_GMX_UniqueMap!AD5 -> C2V | Y20: =VEC_LMP_GMX_UniqueMap!AE5 -> O1V | Z20: =X20&"-"&Y20 -> C2V-O1V | AB20: bond_coeff | AC20: 18 | AD20: {=_xlfn.XLOOKUP(AG20,$Z$3:$Z$22,ROUND(0.00119502868*$W$3:$W$22,2))} -> 214 | AE20: {=_xlfn.XLOOKUP(AG20,$Z$3:$Z$22,ROUND(10*$V$3:$V$22,4))} -> 1.327 | AF20: # | AG20: C2V-O1V | AM20: =AM19+1 -> 18 | AN20: =MTFSI_LMP_GMX_UniqueMap!AU13 -> 109.5 | AO20: =MTFSI_LMP_GMX_UniqueMap!AV13 -> 292.88 | AP20: =MTFSI_LMP_GMX_UniqueMap!AW13 -> C2MT | AQ20: =MTFSI_LMP_GMX_UniqueMap!AX13 -> C1MT | AR20: =MTFSI_LMP_GMX_UniqueMap!AY13 -> HMT | AS20: =AP20&"-"&AQ20&"-"&AR20 -> C2MT-C1MT-HMT | AU20: angle_coeff | AV20: 18 | AW20: {=_xlfn.XLOOKUP(AZ20,$AS$3:$AS$37,ROUND(0.119502868*$AO$3:$AO$37,3))} -> 83 | AX20: {=_xlfn.XLOOKUP(AZ20,$AS$3:$AS$37,ROUND($AN$3:$AN$37,3))} -> 116.9 | AY20: # | AZ20: C2MT-O1MT-C1MT | BE20: =BE19+1 -> 18 | BF20: =MTFSI_LMP_GMX_UniqueMap!BV15 -> 0.979 | BG20: =MTFSI_LMP_GMX_UniqueMap!BW15 -> 2.937 | BH20: =MTFSI_LMP_GMX_UniqueMap!BX15 -> 0 | BI20: =MTFSI_LMP_GMX_UniqueMap!BY15 -> -3.916 | BJ20: =MTFSI_LMP_GMX_UniqueMap!BZ15 -> 0 | BK20: =MTFSI_LMP_GMX_UniqueMap!CA15 -> 0 | BL20: =SUM(BF20:BK20) -> 0 | BM20: =MTFSI_LMP_GMX_UniqueMap!CB15&"-"&MTFSI_LMP_GMX_UniqueMap!CC15&"-"&MTFSI_LMP_GMX_UniqueMap!CD15&"-"&MTFSI_LMP_GMX_UniqueMap!CE15 -> HMT-C1MT-C1MT-O1MT | BP20: dihedral_coeff | BQ20: 18 | BR20: {=ROUND(0.239005736*(-2*_xlfn.XLOOKUP(BW20,$BM$3:$BM$54,ROUND($BG$3:$BG$54,5)) - 1.5*_xlfn.XLOOKUP(BW20,$BM$3:$BM$54,ROUND($BI$3:$BI$54,5))),3)} -> 0 | BS20: {=ROUND(0.239005736*(_xlfn.XLOOKUP(BW20,$BM$3:$BM$54,ROUND($BF$3:$BF$54,5)) + _xlfn.XLOOKUP(BW20,$BM$3:$BM$54,ROUND($BG$3:$BG$54,5)) + _xlfn.XLOOKUP(BW20,$BM$3:$BM$54,ROUND($BI$3:$BI$54,5))),3)} -> 0 | BT20: {=ROUND(0.239005736*(-0.5*_xlfn.XLOOKUP(BW20,$BM$3:$BM$54,ROUND($BI$3:$BI$54,5))),3)} -> 0 | BU20: {=ROUND(0.239005736*(-0.25*_xlfn.XLOOKUP(BW20,$BM$3:$BM$54,ROUND($BJ$3:$BJ$54,5))),3)} -> 0 | BV20: # | BW20: O3MT-SMT-C1MT-C1MT
B21: 19 | C21: =MTFSI_LMP_GMX_UniqueMap!N10 -> O2MT | D21: =MTFSI_LMP_GMX_UniqueMap!M10 -> 15.999 | E21: =B21 -> 19 | F21: =MTFSI_LMP_GMX_UniqueMap!J10 -> 0.21 | G21: =MTFSI_LMP_GMX_UniqueMap!K10 -> 2.96 | H21: # | I21: O2-MT/Bulk | K21: pair_coeff | L21: =E21 -> 19 | M21: =E21 -> 19 | N21: =F21 -> 0.21 | O21: =G21 -> 2.96 | P21: =2.5*O21 -> 7.4 | Q21: =H21&" "&I21 -> # O2-MT/Bulk | U21: =U20+1 -> 19 | V21: =VEC_LMP_GMX_UniqueMap!AB6 -> 0.141 | W21: =VEC_LMP_GMX_UniqueMap!AC6 -> 267776 | X21: =VEC_LMP_GMX_UniqueMap!AD6 -> O1V | Y21: =VEC_LMP_GMX_UniqueMap!AE6 -> C1V | Z21: =X21&"-"&Y21 -> O1V-C1V | AB21: bond_coeff | AC21: 19 | AD21: {=_xlfn.XLOOKUP(AG21,$Z$3:$Z$22,ROUND(0.00119502868*$W$3:$W$22,2))} -> 570 | AE21: {=_xlfn.XLOOKUP(AG21,$Z$3:$Z$22,ROUND(10*$V$3:$V$22,4))} -> 1.229 | AF21: # | AG21: O2V-C2V | AM21: =AM20+1 -> 19 | AN21: =MTFSI_LMP_GMX_UniqueMap!AU14 -> 110.7 | AO21: =MTFSI_LMP_GMX_UniqueMap!AV14 -> 313.8 | AP21: =MTFSI_LMP_GMX_UniqueMap!AW14 -> HMT | AQ21: =MTFSI_LMP_GMX_UniqueMap!AX14 -> C1MT | AR21: =MTFSI_LMP_GMX_UniqueMap!AY14 -> C1MT | AS21: =AP21&"-"&AQ21&"-"&AR21 -> HMT-C1MT-C1MT | AU21: angle_coeff | AV21: 19 | AW21: {=_xlfn.XLOOKUP(AZ21,$AS$3:$AS$37,ROUND(0.119502868*$AO$3:$AO$37,3))} -> 78.67 | AX21: {=_xlfn.XLOOKUP(AZ21,$AS$3:$AS$37,ROUND($AN$3:$AN$37,3))} -> 104.36 | AY21: # | AZ21: C1MT-SMT-NMT | BE21: =BE20+1 -> 19 | BF21: =MTFSI_LMP_GMX_UniqueMap!BV16 -> 0.414 | BG21: =MTFSI_LMP_GMX_UniqueMap!BW16 -> 1.243 | BH21: =MTFSI_LMP_GMX_UniqueMap!BX16 -> 0 | BI21: =MTFSI_LMP_GMX_UniqueMap!BY16 -> -1.657 | BJ21: =MTFSI_LMP_GMX_UniqueMap!BZ16 -> 0 | BK21: =MTFSI_LMP_GMX_UniqueMap!CA16 -> 0 | BL21: =SUM(BF21:BK21) -> 0 | BM21: =MTFSI_LMP_GMX_UniqueMap!CB16&"-"&MTFSI_LMP_GMX_UniqueMap!CC16&"-"&MTFSI_LMP_GMX_UniqueMap!CD16&"-"&MTFSI_LMP_GMX_UniqueMap!CE16 -> HMT-C1MT-O1MT-C2MT | BP21: dihedral_coeff | BQ21: 19 | BR21: =BR62 -> 1.3 | BS21: =BS62 -> -0.2 | BT21: =BT62 -> 0.2 | BU21: =BU62 -> 0 | BV21: # | BW21: C1MT-C1V-C1V-C1V | BX21: From CCCC in butane
B22: =B21+1 -> 20 | C22: =VEC_LMP_GMX_UniqueMap!N5 -> O2V | D22: =VEC_LMP_GMX_UniqueMap!M5 -> 15.999 | E22: =B22 -> 20 | F22: =VEC_LMP_GMX_UniqueMap!J5 -> 0.21 | G22: =VEC_LMP_GMX_UniqueMap!K5 -> 2.96 | H22: # | I22: O2-VEC/Bulk | K22: pair_coeff | L22: =E22 -> 20 | M22: =E22 -> 20 | N22: =F22 -> 0.21 | O22: =G22 -> 2.96 | P22: =2.5*O22 -> 7.4 | Q22: =H22&" "&I22 -> # O2-VEC/Bulk | U22: =U21+1 -> 20 | V22: =VEC_LMP_GMX_UniqueMap!AB7 -> 0.1529 | W22: =VEC_LMP_GMX_UniqueMap!AC7 -> 224262.4 | X22: =VEC_LMP_GMX_UniqueMap!AD7 -> C1V | Y22: =VEC_LMP_GMX_UniqueMap!AE7 -> C1V | Z22: =X22&"-"&Y22 -> C1V-C1V | AB22: bond_coeff | AC22: 20 | AD22: {=_xlfn.XLOOKUP(AG22,$Z$3:$Z$22,ROUND(0.00119502868*$W$3:$W$22,2))} -> 250 | AE22: {=_xlfn.XLOOKUP(AG22,$Z$3:$Z$22,ROUND(10*$V$3:$V$22,4))} -> 1.73 | AF22: # | AG22: NMT-SMT | AM22: =AM21+1 -> 20 | AN22: =MTFSI_LMP_GMX_UniqueMap!AU15 -> 111.1 | AO22: =MTFSI_LMP_GMX_UniqueMap!AV15 -> 527.184 | AP22: =MTFSI_LMP_GMX_UniqueMap!AW15 -> C1MT | AQ22: =MTFSI_LMP_GMX_UniqueMap!AX15 -> C1MT | AR22: =MTFSI_LMP_GMX_UniqueMap!AY15 -> C2MT | AS22: =AP22&"-"&AQ22&"-"&AR22 -> C1MT-C1MT-C2MT | AU22: angle_coeff | AV22: 20 | AW22: {=_xlfn.XLOOKUP(AZ22,$AS$3:$AS$37,ROUND(0.119502868*$AO$3:$AO$37,3))} -> 74 | AX22: {=_xlfn.XLOOKUP(AZ22,$AS$3:$AS$37,ROUND($AN$3:$AN$37,3))} -> 108.9 | AY22: # | AZ22: C1MT-SMT-O3MT | BE22: =BE21+1 -> 20 | BF22: =MTFSI_LMP_GMX_UniqueMap!BV17 -> 0 | BG22: =MTFSI_LMP_GMX_UniqueMap!BW17 -> 0 | BH22: =MTFSI_LMP_GMX_UniqueMap!BX17 -> 0 | BI22: =MTFSI_LMP_GMX_UniqueMap!BY17 -> 0 | BJ22: =MTFSI_LMP_GMX_UniqueMap!BZ17 -> 0 | BK22: =MTFSI_LMP_GMX_UniqueMap!CA17 -> 0 | BL22: =SUM(BF22:BK22) -> 0 | BM22: =MTFSI_LMP_GMX_UniqueMap!CB17&"-"&MTFSI_LMP_GMX_UniqueMap!CC17&"-"&MTFSI_LMP_GMX_UniqueMap!CD17&"-"&MTFSI_LMP_GMX_UniqueMap!CE17 -> NMT-SMT-C1MT-C1MT | BP22: dihedral_coeff | BQ22: 20 | BR22: =BR11 -> 0 | BS22: =BS11 -> 0 | BT22: =BT11 -> 0.3 | BU22: =BU11 -> 0 | BV22: # | BW22: C1MT-C1V-C1V-HV | BX22: ="Same as "&BW11 -> Same as C1MT-C1MT-C1MT-HMT
B23: =B22+1 -> 21 | C23: =MTFSI_LMP_GMX_UniqueMap!N9 -> O3MT | D23: =MTFSI_LMP_GMX_UniqueMap!M9 -> 15.999 | E23: =B23 -> 21 | F23: =MTFSI_LMP_GMX_UniqueMap!J9 -> 0.17 | G23: =MTFSI_LMP_GMX_UniqueMap!K9 -> 2.96 | H23: # | I23: O3-MT/Bulk | K23: pair_coeff | L23: =E23 -> 21 | M23: =E23 -> 21 | N23: =F23 -> 0.17 | O23: =G23 -> 2.96 | P23: =2.5*O23 -> 7.4 | Q23: =H23&" "&I23 -> # O3-MT/Bulk | AB23: bond_coeff | AC23: 21 | AD23: {=_xlfn.XLOOKUP(AG23,$Z$3:$Z$22,ROUND(0.00119502868*$W$3:$W$22,2))} -> 700 | AE23: {=_xlfn.XLOOKUP(AG23,$Z$3:$Z$22,ROUND(10*$V$3:$V$22,4))} -> 1.44 | AF23: # | AG23: O3MT-SMT | AM23: =AM22+1 -> 21 | AN23: =MTFSI_LMP_GMX_UniqueMap!AU16 -> 111.4 | AO23: =MTFSI_LMP_GMX_UniqueMap!AV16 -> 677.808 | AP23: =MTFSI_LMP_GMX_UniqueMap!AW16 -> C1MT | AQ23: =MTFSI_LMP_GMX_UniqueMap!AX16 -> C2MT | AR23: =MTFSI_LMP_GMX_UniqueMap!AY16 -> O1MT | AS23: =AP23&"-"&AQ23&"-"&AR23 -> C1MT-C2MT-O1MT | AU23: angle_coeff | AV23: 21 | AW23: =AW12 -> 63 | AX23: =AX12 -> 111.1 | AY23: # | AZ23: C1V-C1MT-C2MT | BA23: Same as C1MT-C1MT-C2MT | BE23: =BE22+1 -> 21 | BF23: =MTFSI_LMP_GMX_UniqueMap!BV18 -> 0 | BG23: =MTFSI_LMP_GMX_UniqueMap!BW18 -> 0 | BH23: =MTFSI_LMP_GMX_UniqueMap!BX18 -> 0 | BI23: =MTFSI_LMP_GMX_UniqueMap!BY18 -> 0 | BJ23: =MTFSI_LMP_GMX_UniqueMap!BZ18 -> 0 | BK23: =MTFSI_LMP_GMX_UniqueMap!CA18 -> 0 | BL23: =SUM(BF23:BK23) -> 0 | BM23: =MTFSI_LMP_GMX_UniqueMap!CB18&"-"&MTFSI_LMP_GMX_UniqueMap!CC18&"-"&MTFSI_LMP_GMX_UniqueMap!CD18&"-"&MTFSI_LMP_GMX_UniqueMap!CE18 -> NMT-SMT-C1MT-HMT | BP23: dihedral_coeff | BQ23: 21 | BR23: =BR12 -> 1.711 | BS23: =BS12 -> -0.5 | BT23: =BT12 -> 0.663 | BU23: =BU12 -> 0 | BV23: # | BW23: C1MT-C1V-C1V-O1V | BX23: ="Same as "&BW12 -> Same as C1MT-C1MT-C1MT-O1MT
B24: =B23+1 -> 22 | C24: =MTFSI_LMP_GMX_UniqueMap!N11 -> SMT | D24: =MTFSI_LMP_GMX_UniqueMap!M11 -> 32.06 | E24: =B24 -> 22 | F24: =MTFSI_LMP_GMX_UniqueMap!J11 -> 0.25 | G24: =MTFSI_LMP_GMX_UniqueMap!K11 -> 3.55 | H24: # | I24: S-MT/Bulk | K24: pair_coeff | L24: =E24 -> 22 | M24: =E24 -> 22 | N24: =F24 -> 0.25 | O24: =G24 -> 3.55 | P24: =2.5*O24 -> 8.875 | Q24: =H24&" "&I24 -> # S-MT/Bulk | AM24: =AM23+1 -> 22 | AN24: =MTFSI_LMP_GMX_UniqueMap!AU17 -> 112.7 | AO24: =MTFSI_LMP_GMX_UniqueMap!AV17 -> 488.273 | AP24: =MTFSI_LMP_GMX_UniqueMap!AW17 -> C1MT | AQ24: =MTFSI_LMP_GMX_UniqueMap!AX17 -> C1MT | AR24: =MTFSI_LMP_GMX_UniqueMap!AY17 -> C1MT | AS24: =AP24&"-"&AQ24&"-"&AR24 -> C1MT-C1MT-C1MT | AU24: angle_coeff | AV24: 22 | AW24: =AW3 -> 37.5 | AX24: =AX3 -> 110.7 | AY24: # | AZ24: C1V-C1MT-HMT | BA24: Same as HMT-C1MT-C1MT | BE24: =BE23+1 -> 22 | BF24: =MTFSI_LMP_GMX_UniqueMap!BV19 -> 0 | BG24: =MTFSI_LMP_GMX_UniqueMap!BW19 -> 0 | BH24: =MTFSI_LMP_GMX_UniqueMap!BX19 -> 0 | BI24: =MTFSI_LMP_GMX_UniqueMap!BY19 -> 0 | BJ24: =MTFSI_LMP_GMX_UniqueMap!BZ19 -> 0 | BK24: =MTFSI_LMP_GMX_UniqueMap!CA19 -> 0 | BL24: =SUM(BF24:BK24) -> 0 | BM24: =MTFSI_LMP_GMX_UniqueMap!CB19&"-"&MTFSI_LMP_GMX_UniqueMap!CC19&"-"&MTFSI_LMP_GMX_UniqueMap!CD19&"-"&MTFSI_LMP_GMX_UniqueMap!CE19 -> O2MT-C2MT-C1MT-C1MT | BP24: dihedral_coeff | BQ24: 22 | BR24: {=ROUND(0.239005736*(-2*_xlfn.XLOOKUP(BW24,$BM$3:$BM$54,ROUND($BG$3:$BG$54,5)) - 1.5*_xlfn.XLOOKUP(BW24,$BM$3:$BM$54,ROUND($BI$3:$BI$54,5))),3)} -> 4.669 | BS24: {=ROUND(0.239005736*(_xlfn.XLOOKUP(BW24,$BM$3:$BM$54,ROUND($BF$3:$BF$54,5)) + _xlfn.XLOOKUP(BW24,$BM$3:$BM$54,ROUND($BG$3:$BG$54,5)) + _xlfn.XLOOKUP(BW24,$BM$3:$BM$54,ROUND($BI$3:$BI$54,5))),3)} -> 5.124 | BT24: {=ROUND(0.239005736*(-0.5*_xlfn.XLOOKUP(BW24,$BM$3:$BM$54,ROUND($BI$3:$BI$54,5))),3)} -> 0 | BU24: {=ROUND(0.239005736*(-0.25*_xlfn.XLOOKUP(BW24,$BM$3:$BM$54,ROUND($BJ$3:$BJ$54,5))),3)} -> 0 | BV24: # | BW24: C1MT-O1MT-C2MT-C1MT | BX24: =BW24 -> C1MT-O1MT-C2MT-C1MT
AC25: Added SHAKE | AM25: =AM24+1 -> 23 | AN25: =MTFSI_LMP_GMX_UniqueMap!AU18 -> 116.57 | AO25: =MTFSI_LMP_GMX_UniqueMap!AV18 -> 504.256 | AP25: =MTFSI_LMP_GMX_UniqueMap!AW18 -> SMT | AQ25: =MTFSI_LMP_GMX_UniqueMap!AX18 -> NMT | AR25: =MTFSI_LMP_GMX_UniqueMap!AY18 -> SMT | AS25: =AP25&"-"&AQ25&"-"&AR25 -> SMT-NMT-SMT | AU25: angle_coeff | AV25: 23 | AW25: {=_xlfn.XLOOKUP(AZ25,$AS$3:$AS$37,ROUND(0.119502868*$AO$3:$AO$37,3))} -> 58.35 | AX25: {=_xlfn.XLOOKUP(AZ25,$AS$3:$AS$37,ROUND($AN$3:$AN$37,3))} -> 112.7 | AY25: # | AZ25: C1V-C1V-C1V | BE25: =BE24+1 -> 23 | BF25: =MTFSI_LMP_GMX_UniqueMap!BV20 -> 0 | BG25: =MTFSI_LMP_GMX_UniqueMap!BW20 -> 0 | BH25: =MTFSI_LMP_GMX_UniqueMap!BX20 -> 0 | BI25: =MTFSI_LMP_GMX_UniqueMap!BY20 -> 0 | BJ25: =MTFSI_LMP_GMX_UniqueMap!BZ20 -> 0 | BK25: =MTFSI_LMP_GMX_UniqueMap!CA20 -> 0 | BL25: =SUM(BF25:BK25) -> 0 | BM25: =MTFSI_LMP_GMX_UniqueMap!CB20&"-"&MTFSI_LMP_GMX_UniqueMap!CC20&"-"&MTFSI_LMP_GMX_UniqueMap!CD20&"-"&MTFSI_LMP_GMX_UniqueMap!CE20 -> O2MT-C2MT-C1MT-HMT | BP25: dihedral_coeff | BQ25: 23 | BR25: =BR62 -> 1.3 | BS25: =BS62 -> -0.2 | BT25: =BT62 -> 0.2 | BU25: =BU62 -> 0 | BV25: # | BW25: C1V-C1MT-C1MT-C1V | BX25: From CCCC in butane
AM26: =AM25+1 -> 24 | AN26: =MTFSI_LMP_GMX_UniqueMap!AU19 -> 116.9 | AO26: =MTFSI_LMP_GMX_UniqueMap!AV19 -> 694.544 | AP26: =MTFSI_LMP_GMX_UniqueMap!AW19 -> C2MT | AQ26: =MTFSI_LMP_GMX_UniqueMap!AX19 -> O1MT | AR26: =MTFSI_LMP_GMX_UniqueMap!AY19 -> C1MT | AS26: =AP26&"-"&AQ26&"-"&AR26 -> C2MT-O1MT-C1MT | AU26: angle_coeff | AV26: 24 | AW26: {=_xlfn.XLOOKUP(AZ26,$AS$3:$AS$37,ROUND(0.119502868*$AO$3:$AO$37,3))} -> 37.5 | AX26: {=_xlfn.XLOOKUP(AZ26,$AS$3:$AS$37,ROUND($AN$3:$AN$37,3))} -> 110.7 | AY26: # | AZ26: HV-C1V-C1V | BE26: =BE25+1 -> 24 | BF26: =MTFSI_LMP_GMX_UniqueMap!BV21 -> -1.157 | BG26: =MTFSI_LMP_GMX_UniqueMap!BW21 -> -3.471 | BH26: =MTFSI_LMP_GMX_UniqueMap!BX21 -> 0 | BI26: =MTFSI_LMP_GMX_UniqueMap!BY21 -> 4.628 | BJ26: =MTFSI_LMP_GMX_UniqueMap!BZ21 -> 0 | BK26: =MTFSI_LMP_GMX_UniqueMap!CA21 -> 0 | BL26: =SUM(BF26:BK26) -> 0 | BM26: =MTFSI_LMP_GMX_UniqueMap!CB21&"-"&MTFSI_LMP_GMX_UniqueMap!CC21&"-"&MTFSI_LMP_GMX_UniqueMap!CD21&"-"&MTFSI_LMP_GMX_UniqueMap!CE21 -> O1MT-C2MT-C1MT-C1MT | BP26: dihedral_coeff | BQ26: 24 | BR26: =BR63 -> -2.06 | BS26: =BS63 -> -0.313 | BT26: =BT63 -> 0.315 | BU26: =BU63 -> 0 | BV26: # | BW26: C1V-C1MT-C1MT-C2MT | BX26: From CCCC in butyric acid
AM27: =AM26+1 -> 25 | AN27: =MTFSI_LMP_GMX_UniqueMap!AU20 -> 119 | AO27: =MTFSI_LMP_GMX_UniqueMap!AV20 -> 870.272 | AP27: =MTFSI_LMP_GMX_UniqueMap!AW20 -> O3MT | AQ27: =MTFSI_LMP_GMX_UniqueMap!AX20 -> SMT | AR27: =MTFSI_LMP_GMX_UniqueMap!AY20 -> O3MT | AS27: =AP27&"-"&AQ27&"-"&AR27 -> O3MT-SMT-O3MT | AU27: angle_coeff | AV27: 25 | AW27: {=_xlfn.XLOOKUP(AZ27,$AS$3:$AS$37,ROUND(0.119502868*$AO$3:$AO$37,3))} -> 50 | AX27: {=_xlfn.XLOOKUP(AZ27,$AS$3:$AS$37,ROUND($AN$3:$AN$37,3))} -> 109.5 | AY27: # | AZ27: C1V-C1V-O1V | BE27: =BE26+1 -> 25 | BF27: =MTFSI_LMP_GMX_UniqueMap!BV22 -> 0.276 | BG27: =MTFSI_LMP_GMX_UniqueMap!BW22 -> 0.828 | BH27: =MTFSI_LMP_GMX_UniqueMap!BX22 -> 0 | BI27: =MTFSI_LMP_GMX_UniqueMap!BY22 -> -1.105 | BJ27: =MTFSI_LMP_GMX_UniqueMap!BZ22 -> 0 | BK27: =MTFSI_LMP_GMX_UniqueMap!CA22 -> 0 | BL27: =SUM(BF27:BK27) -> -0.001 | BM27: =MTFSI_LMP_GMX_UniqueMap!CB22&"-"&MTFSI_LMP_GMX_UniqueMap!CC22&"-"&MTFSI_LMP_GMX_UniqueMap!CD22&"-"&MTFSI_LMP_GMX_UniqueMap!CE22 -> O1MT-C2MT-C1MT-HMT | BP27: dihedral_coeff | BQ27: 25 | BR27: =BR11 -> 0 | BS27: =BS11 -> 0 | BT27: =BT11 -> 0.3 | BU27: =BU11 -> 0 | BV27: # | BW27: C1V-C1MT-C1MT-HMT | BX27: ="Same as "&BW11 -> Same as C1MT-C1MT-C1MT-HMT
F28: NOTE: In most cases, types 23 and 5 are identical and hence type 23 is omitted. Check each time | AM28: =AM27+1 -> 26 | AN28: =MTFSI_LMP_GMX_UniqueMap!AU21 -> 120.4 | AO28: =MTFSI_LMP_GMX_UniqueMap!AV21 -> 669.44 | AP28: =MTFSI_LMP_GMX_UniqueMap!AW21 -> C1MT | AQ28: =MTFSI_LMP_GMX_UniqueMap!AX21 -> C2MT | AR28: =MTFSI_LMP_GMX_UniqueMap!AY21 -> O2MT | AS28: =AP28&"-"&AQ28&"-"&AR28 -> C1MT-C2MT-O2MT | AU28: angle_coeff | AV28: 26 | AW28: {=_xlfn.XLOOKUP(AZ28,$AS$3:$AS$37,ROUND(0.119502868*$AO$3:$AO$37,3))} -> 83 | AX28: {=_xlfn.XLOOKUP(AZ28,$AS$3:$AS$37,ROUND($AN$3:$AN$37,3))} -> 116.9 | AY28: # | AZ28: C1V-O1V-C2V | BE28: =BE27+1 -> 26 | BF28: =MTFSI_LMP_GMX_UniqueMap!BV23 -> 0 | BG28: =MTFSI_LMP_GMX_UniqueMap!BW23 -> 0 | BH28: =MTFSI_LMP_GMX_UniqueMap!BX23 -> 0 | BI28: =MTFSI_LMP_GMX_UniqueMap!BY23 -> 0 | BJ28: =MTFSI_LMP_GMX_UniqueMap!BZ23 -> 0 | BK28: =MTFSI_LMP_GMX_UniqueMap!CA23 -> 0 | BL28: =SUM(BF28:BK28) -> 0 | BM28: =MTFSI_LMP_GMX_UniqueMap!CB23&"-"&MTFSI_LMP_GMX_UniqueMap!CC23&"-"&MTFSI_LMP_GMX_UniqueMap!CD23&"-"&MTFSI_LMP_GMX_UniqueMap!CE23 -> O3MT-SMT-C1MT-C1MT | BP28: dihedral_coeff | BQ28: 26 | BR28: =BR16 -> 0 | BS28: =BS16 -> 0 | BT28: =BT16 -> -0.553 | BU28: =BU16 -> 0 | BV28: # | BW28: C1V-C1MT-C2MT-O1MT | BX28: ="Same as "&BW16 -> Same as O1MT-C2MT-C1MT-C1MT
AM29: =AM28+1 -> 27 | AN29: =MTFSI_LMP_GMX_UniqueMap!AU22 -> 123.4 | AO29: =MTFSI_LMP_GMX_UniqueMap!AV22 -> 694.544 | AP29: =MTFSI_LMP_GMX_UniqueMap!AW22 -> O1MT | AQ29: =MTFSI_LMP_GMX_UniqueMap!AX22 -> C2MT | AR29: =MTFSI_LMP_GMX_UniqueMap!AY22 -> O2MT | AS29: =AP29&"-"&AQ29&"-"&AR29 -> O1MT-C2MT-O2MT | AU29: angle_coeff | AV29: 27 | AW29: {=_xlfn.XLOOKUP(AZ29,$AS$3:$AS$37,ROUND(0.119502868*$AO$3:$AO$37,3))} -> 77 | AX29: {=_xlfn.XLOOKUP(AZ29,$AS$3:$AS$37,ROUND($AN$3:$AN$37,3))} -> 109.1 | AY29: # | AZ29: FMT-C1MT-FMT | BE29: =BE28+1 -> 27 | BF29: =MTFSI_LMP_GMX_UniqueMap!BV24 -> 0.732 | BG29: =MTFSI_LMP_GMX_UniqueMap!BW24 -> 2.197 | BH29: =MTFSI_LMP_GMX_UniqueMap!BX24 -> 0 | BI29: =MTFSI_LMP_GMX_UniqueMap!BY24 -> -2.929 | BJ29: =MTFSI_LMP_GMX_UniqueMap!BZ24 -> 0 | BK29: =MTFSI_LMP_GMX_UniqueMap!CA24 -> 0 | BL29: =SUM(BF29:BK29) -> 4.4408921e-16 | BM29: =MTFSI_LMP_GMX_UniqueMap!CB24&"-"&MTFSI_LMP_GMX_UniqueMap!CC24&"-"&MTFSI_LMP_GMX_UniqueMap!CD24&"-"&MTFSI_LMP_GMX_UniqueMap!CE24 -> O3MT-SMT-C1MT-HMT | BP29: dihedral_coeff | BQ29: 27 | BR29: =BR17 -> 0 | BS29: =BS17 -> 0 | BT29: =BT17 -> 0 | BU29: =BU17 -> 0 | BV29: # | BW29: C1V-C1MT-C2MT-O2MT | BX29: ="Same as "&BW17 -> Same as O2MT-C2MT-C1MT-C1MT
B30: 23 | C30: =C7 -> LP | D30: =D7 -> 6.941 | E30: =B30 -> 23 | F30: =F7 -> 0.4 | G30: =G7 -> 1.4 | H30: =H7 -> # | I30: Li-LP/Bulk (Table1: https://pubs.acs.org/doi/10.1021/acs.jpcb.3c05591, Wu-Wick) | AM30: =AM29+1 -> 28 | AN30: =VEC_LMP_GMX_UniqueMap!AU3 -> 107.8 | AO30: =VEC_LMP_GMX_UniqueMap!AV3 -> 276.144 | AP30: =VEC_LMP_GMX_UniqueMap!AW3 -> HV | AQ30: =VEC_LMP_GMX_UniqueMap!AX3 -> C1V | AR30: =VEC_LMP_GMX_UniqueMap!AY3 -> HV | AS30: =AP30&"-"&AQ30&"-"&AR30 -> HV-C1V-HV | AU30: angle_coeff | AV30: 28 | AW30: {=_xlfn.XLOOKUP(AZ30,$AS$3:$AS$37,ROUND(0.119502868*$AO$3:$AO$37,3))} -> 50 | AX30: {=_xlfn.XLOOKUP(AZ30,$AS$3:$AS$37,ROUND($AN$3:$AN$37,3))} -> 109.5 | AY30: # | AZ30: SMT-C1MT-FMT | BE30: =BE29+1 -> 28 | BF30: =MTFSI_LMP_GMX_UniqueMap!BV25 -> 0 | BG30: =MTFSI_LMP_GMX_UniqueMap!BW25 -> 0 | BH30: =MTFSI_LMP_GMX_UniqueMap!BX25 -> 0 | BI30: =MTFSI_LMP_GMX_UniqueMap!BY25 -> 0 | BJ30: =MTFSI_LMP_GMX_UniqueMap!BZ25 -> 0 | BK30: =MTFSI_LMP_GMX_UniqueMap!CA25 -> 0 | BL30: =SUM(BF30:BK30) -> 0 | BM30: =MTFSI_LMP_GMX_UniqueMap!CB25&"-"&MTFSI_LMP_GMX_UniqueMap!CC25&"-"&MTFSI_LMP_GMX_UniqueMap!CD25&"-"&MTFSI_LMP_GMX_UniqueMap!CE25 -> O3MT-SMT-NMT-SMT | BP30: dihedral_coeff | BQ30: 28 | BR30: {=ROUND(0.239005736*(-2*_xlfn.XLOOKUP(BW30,$BM$3:$BM$54,ROUND($BG$3:$BG$54,5)) - 1.5*_xlfn.XLOOKUP(BW30,$BM$3:$BM$54,ROUND($BI$3:$BI$54,5))),3)} -> 1.3 | BS30: {=ROUND(0.239005736*(_xlfn.XLOOKUP(BW30,$BM$3:$BM$54,ROUND($BF$3:$BF$54,5)) + _xlfn.XLOOKUP(BW30,$BM$3:$BM$54,ROUND($BG$3:$BG$54,5)) + _xlfn.XLOOKUP(BW30,$BM$3:$BM$54,ROUND($BI$3:$BI$54,5))),3)} -> -0.2 | BT30: {=ROUND(0.239005736*(-0.5*_xlfn.XLOOKUP(BW30,$BM$3:$BM$54,ROUND($BI$3:$BI$54,5))),3)} -> 0.2 | BU30: {=ROUND(0.239005736*(-0.25*_xlfn.XLOOKUP(BW30,$BM$3:$BM$54,ROUND($BJ$3:$BJ$54,5))),3)} -> 0 | BV30: # | BW30: C1V-C1V-C1V-C1V
B31: pair_coeff | C31: =E30 -> 23 | D31: =E30 -> 23 | E31: =F30 -> 0.4 | F31: =G30 -> 1.4 | G31: =2.5*F31 -> 3.5 | H31: =H30&" "&I30 -> # Li-LP/Bulk (Table1: https://pubs.acs.org/doi/10.1021/acs.jpcb.3c05591, Wu-Wick) | AM31: =AM30+1 -> 29 | AN31: =VEC_LMP_GMX_UniqueMap!AU4 -> 109.5 | AO31: =VEC_LMP_GMX_UniqueMap!AV4 -> 292.88 | AP31: =VEC_LMP_GMX_UniqueMap!AW4 -> O1V | AQ31: =VEC_LMP_GMX_UniqueMap!AX4 -> C1V | AR31: =VEC_LMP_GMX_UniqueMap!AY4 -> HV | AS31: =AP31&"-"&AQ31&"-"&AR31 -> O1V-C1V-HV | AU31: angle_coeff | AV31: 29 | AW31: {=_xlfn.XLOOKUP(AZ31,$AS$3:$AS$37,ROUND(0.119502868*$AO$3:$AO$37,3))} -> 33 | AX31: {=_xlfn.XLOOKUP(AZ31,$AS$3:$AS$37,ROUND($AN$3:$AN$37,3))} -> 107.8 | AY31: # | AZ31: HMT-C1MT-HMT | BE31: =BE30+1 -> 29 | BF31: =MTFSI_LMP_GMX_UniqueMap!BV26+0.001 -> 2.785 | BG31: =MTFSI_LMP_GMX_UniqueMap!BW26 -> 0.278 | BH31: =MTFSI_LMP_GMX_UniqueMap!BX26 -> 0.828 | BI31: =MTFSI_LMP_GMX_UniqueMap!BY26 -> -3.891 | BJ31: =MTFSI_LMP_GMX_UniqueMap!BZ26 -> 0 | BK31: =MTFSI_LMP_GMX_UniqueMap!CA26 -> 0 | BL31: =SUM(BF31:BK31) -> -4.4408921e-16 | BM31: =MTFSI_LMP_GMX_UniqueMap!CB26&"-"&MTFSI_LMP_GMX_UniqueMap!CC26&"-"&MTFSI_LMP_GMX_UniqueMap!CD26&"-"&MTFSI_LMP_GMX_UniqueMap!CE26 -> SMT-C1MT-C1MT-C1MT | BP31: dihedral_coeff | BQ31: 29 | BR31: {=ROUND(0.239005736*(-2*_xlfn.XLOOKUP(BW31,$BM$3:$BM$54,ROUND($BG$3:$BG$54,5)) - 1.5*_xlfn.XLOOKUP(BW31,$BM$3:$BM$54,ROUND($BI$3:$BI$54,5))),3)} -> 0 | BS31: {=ROUND(0.239005736*(_xlfn.XLOOKUP(BW31,$BM$3:$BM$54,ROUND($BF$3:$BF$54,5)) + _xlfn.XLOOKUP(BW31,$BM$3:$BM$54,ROUND($BG$3:$BG$54,5)) + _xlfn.XLOOKUP(BW31,$BM$3:$BM$54,ROUND($BI$3:$BI$54,5))),3)} -> 0 | BT31: {=ROUND(0.239005736*(-0.5*_xlfn.XLOOKUP(BW31,$BM$3:$BM$54,ROUND($BI$3:$BI$54,5))),3)} -> 0.3 | BU31: {=ROUND(0.239005736*(-0.25*_xlfn.XLOOKUP(BW31,$BM$3:$BM$54,ROUND($BJ$3:$BJ$54,5))),3)} -> 0 | BV31: # | BW31: C1V-C1V-C1V-HV
AM32: =AM31+1 -> 30 | AN32: =VEC_LMP_GMX_UniqueMap!AU5 -> 110.7 | AO32: =VEC_LMP_GMX_UniqueMap!AV5 -> 313.8 | AP32: =VEC_LMP_GMX_UniqueMap!AW5 -> HV | AQ32: =VEC_LMP_GMX_UniqueMap!AX5 -> C1V | AR32: =VEC_LMP_GMX_UniqueMap!AY5 -> C1V | AS32: =AP32&"-"&AQ32&"-"&AR32 -> HV-C1V-C1V | AU32: angle_coeff | AV32: 30 | AW32: {=_xlfn.XLOOKUP(AZ32,$AS$3:$AS$37,ROUND(0.119502868*$AO$3:$AO$37,3))} -> 35 | AX32: {=_xlfn.XLOOKUP(AZ32,$AS$3:$AS$37,ROUND($AN$3:$AN$37,3))} -> 109.5 | AY32: # | AZ32: O1MT-C1MT-HMT | BE32: =BE31+1 -> 30 | BF32: =MTFSI_LMP_GMX_UniqueMap!BV27-0.001 -> 0.945 | BG32: =MTFSI_LMP_GMX_UniqueMap!BW27 -> 2.837 | BH32: =MTFSI_LMP_GMX_UniqueMap!BX27 -> 0 | BI32: =MTFSI_LMP_GMX_UniqueMap!BY27 -> -3.782 | BJ32: =MTFSI_LMP_GMX_UniqueMap!BZ27 -> 0 | BK32: =MTFSI_LMP_GMX_UniqueMap!CA27 -> 0 | BL32: =SUM(BF32:BK32) -> 0 | BM32: =MTFSI_LMP_GMX_UniqueMap!CB27&"-"&MTFSI_LMP_GMX_UniqueMap!CC27&"-"&MTFSI_LMP_GMX_UniqueMap!CD27&"-"&MTFSI_LMP_GMX_UniqueMap!CE27 -> SMT-C1MT-C1MT-HMT | BP32: dihedral_coeff | BQ32: 30 | BR32: {=ROUND(0.239005736*(-2*_xlfn.XLOOKUP(BW32,$BM$3:$BM$54,ROUND($BG$3:$BG$54,5)) - 1.5*_xlfn.XLOOKUP(BW32,$BM$3:$BM$54,ROUND($BI$3:$BI$54,5))),3)} -> 1.711 | BS32: {=ROUND(0.239005736*(_xlfn.XLOOKUP(BW32,$BM$3:$BM$54,ROUND($BF$3:$BF$54,5)) + _xlfn.XLOOKUP(BW32,$BM$3:$BM$54,ROUND($BG$3:$BG$54,5)) + _xlfn.XLOOKUP(BW32,$BM$3:$BM$54,ROUND($BI$3:$BI$54,5))),3)} -> -0.5 | BT32: {=ROUND(0.239005736*(-0.5*_xlfn.XLOOKUP(BW32,$BM$3:$BM$54,ROUND($BI$3:$BI$54,5))),3)} -> 0.663 | BU32: {=ROUND(0.239005736*(-0.25*_xlfn.XLOOKUP(BW32,$BM$3:$BM$54,ROUND($BJ$3:$BJ$54,5))),3)} -> 0 | BV32: # | BW32: O1V-C1V-C1V-C1V
AM33: =AM32+1 -> 31 | AN33: =VEC_LMP_GMX_UniqueMap!AU6 -> 109.5 | AO33: =VEC_LMP_GMX_UniqueMap!AV6 -> 418.4 | AP33: =VEC_LMP_GMX_UniqueMap!AW6 -> C1V | AQ33: =VEC_LMP_GMX_UniqueMap!AX6 -> C1V | AR33: =VEC_LMP_GMX_UniqueMap!AY6 -> O1V | AS33: =AP33&"-"&AQ33&"-"&AR33 -> C1V-C1V-O1V | AU33: angle_coeff | AV33: 31 | AW33: {=_xlfn.XLOOKUP(AZ33,$AS$3:$AS$37,ROUND(0.119502868*$AO$3:$AO$37,3))} -> 35 | AX33: {=_xlfn.XLOOKUP(AZ33,$AS$3:$AS$37,ROUND($AN$3:$AN$37,3))} -> 109.5 | AY33: # | AZ33: SMT-C1MT-HMT | BE33: =BE32+1 -> 31 | BF33: =MTFSI_LMP_GMX_UniqueMap!BV28 -> -15.611 | BG33: =MTFSI_LMP_GMX_UniqueMap!BW28 -> 0.703 | BH33: =MTFSI_LMP_GMX_UniqueMap!BX28 -> 20.506 | BI33: =MTFSI_LMP_GMX_UniqueMap!BY28 -> -5.598 | BJ33: =MTFSI_LMP_GMX_UniqueMap!BZ28 -> 0 | BK33: =MTFSI_LMP_GMX_UniqueMap!CA28 -> 0 | BL33: =SUM(BF33:BK33) -> -8.8817842e-16 | BM33: =MTFSI_LMP_GMX_UniqueMap!CB28&"-"&MTFSI_LMP_GMX_UniqueMap!CC28&"-"&MTFSI_LMP_GMX_UniqueMap!CD28&"-"&MTFSI_LMP_GMX_UniqueMap!CE28 -> SMT-NMT-SMT-C1MT | BP33: dihedral_coeff | BQ33: 31 | BR33: {=ROUND(0.239005736*(-2*_xlfn.XLOOKUP(BW33,$BM$3:$BM$54,ROUND($BG$3:$BG$54,5)) - 1.5*_xlfn.XLOOKUP(BW33,$BM$3:$BM$54,ROUND($BI$3:$BI$54,5))),3)} -> -1.22 | BS33: {=ROUND(0.239005736*(_xlfn.XLOOKUP(BW33,$BM$3:$BM$54,ROUND($BF$3:$BF$54,5)) + _xlfn.XLOOKUP(BW33,$BM$3:$BM$54,ROUND($BG$3:$BG$54,5)) + _xlfn.XLOOKUP(BW33,$BM$3:$BM$54,ROUND($BI$3:$BI$54,5))),3)} -> -0.126 | BT33: {=ROUND(0.239005736*(-0.5*_xlfn.XLOOKUP(BW33,$BM$3:$BM$54,ROUND($BI$3:$BI$54,5))),3)} -> 0.422 | BU33: {=ROUND(0.239005736*(-0.25*_xlfn.XLOOKUP(BW33,$BM$3:$BM$54,ROUND($BJ$3:$BJ$54,5))),3)} -> 0 | BV33: # | BW33: C2V-O1V-C1V-C1V
AM34: =AM33+1 -> 32 | AN34: =VEC_LMP_GMX_UniqueMap!AU7 -> 112.7 | AO34: =VEC_LMP_GMX_UniqueMap!AV7 -> 488.273 | AP34: =VEC_LMP_GMX_UniqueMap!AW7 -> C1V | AQ34: =VEC_LMP_GMX_UniqueMap!AX7 -> C1V | AR34: =VEC_LMP_GMX_UniqueMap!AY7 -> C1V | AS34: =AP34&"-"&AQ34&"-"&AR34 -> C1V-C1V-C1V | AU34: angle_coeff | AV34: 32 | AW34: {=_xlfn.XLOOKUP(AZ34,$AS$3:$AS$37,ROUND(0.119502868*$AO$3:$AO$37,3))} -> 33 | AX34: {=_xlfn.XLOOKUP(AZ34,$AS$3:$AS$37,ROUND($AN$3:$AN$37,3))} -> 107.8 | AY34: # | AZ34: HV-C1V-HV | BE34: =BE33+1 -> 32 | BF34: =VEC_LMP_GMX_UniqueMap!BV3 -> -2.197 | BG34: =VEC_LMP_GMX_UniqueMap!BW3 -> 5.201 | BH34: =VEC_LMP_GMX_UniqueMap!BX3 -> 0.527 | BI34: =VEC_LMP_GMX_UniqueMap!BY3 -> -3.531 | BJ34: =VEC_LMP_GMX_UniqueMap!BZ3 -> 0 | BK34: =VEC_LMP_GMX_UniqueMap!CA3 -> 0 | BL34: =SUM(BF34:BK34) -> -4.4408921e-16 | BM34: =VEC_LMP_GMX_UniqueMap!CB3&"-"&VEC_LMP_GMX_UniqueMap!CC3&"-"&VEC_LMP_GMX_UniqueMap!CD3&"-"&VEC_LMP_GMX_UniqueMap!CE3 -> C2V-O1V-C1V-C1V | BP34: dihedral_coeff | BQ34: 32 | BR34: {=ROUND(0.239005736*(-2*_xlfn.XLOOKUP(BW34,$BM$3:$BM$54,ROUND($BG$3:$BG$54,5)) - 1.5*_xlfn.XLOOKUP(BW34,$BM$3:$BM$54,ROUND($BI$3:$BI$54,5))),3)} -> 0 | BS34: {=ROUND(0.239005736*(_xlfn.XLOOKUP(BW34,$BM$3:$BM$54,ROUND($BF$3:$BF$54,5)) + _xlfn.XLOOKUP(BW34,$BM$3:$BM$54,ROUND($BG$3:$BG$54,5)) + _xlfn.XLOOKUP(BW34,$BM$3:$BM$54,ROUND($BI$3:$BI$54,5))),3)} -> 0 | BT34: {=ROUND(0.239005736*(-0.5*_xlfn.XLOOKUP(BW34,$BM$3:$BM$54,ROUND($BI$3:$BI$54,5))),3)} -> -0.1 | BU34: {=ROUND(0.239005736*(-0.25*_xlfn.XLOOKUP(BW34,$BM$3:$BM$54,ROUND($BJ$3:$BJ$54,5))),3)} -> 0 | BV34: # | BW34: C2MT-C1MT-C1MT-HMT
AM35: =AM34+1 -> 33 | AN35: =VEC_LMP_GMX_UniqueMap!AU8 -> 118.18 | AO35: =VEC_LMP_GMX_UniqueMap!AV8 -> 584.923 | AP35: =VEC_LMP_GMX_UniqueMap!AW8 -> O1V | AQ35: =VEC_LMP_GMX_UniqueMap!AX8 -> C2V | AR35: =VEC_LMP_GMX_UniqueMap!AY8 -> O1V | AS35: =AP35&"-"&AQ35&"-"&AR35 -> O1V-C2V-O1V | AU35: angle_coeff | AV35: 33 | AW35: {=_xlfn.XLOOKUP(AZ35,$AS$3:$AS$37,ROUND(0.119502868*$AO$3:$AO$37,3))} -> 35 | AX35: {=_xlfn.XLOOKUP(AZ35,$AS$3:$AS$37,ROUND($AN$3:$AN$37,3))} -> 109.5 | AY35: # | AZ35: O1V-C1V-HV | BE35: =BE34+1 -> 33 | BF35: =VEC_LMP_GMX_UniqueMap!BV4 -> -1.151 | BG35: =VEC_LMP_GMX_UniqueMap!BW4 -> 1.151 | BH35: =VEC_LMP_GMX_UniqueMap!BX4 -> 0 | BI35: =VEC_LMP_GMX_UniqueMap!BY4 -> 0 | BJ35: =VEC_LMP_GMX_UniqueMap!BZ4 -> 0 | BK35: =VEC_LMP_GMX_UniqueMap!CA4 -> 0 | BL35: =SUM(BF35:BK35) -> 0 | BM35: =VEC_LMP_GMX_UniqueMap!CB4&"-"&VEC_LMP_GMX_UniqueMap!CC4&"-"&VEC_LMP_GMX_UniqueMap!CD4&"-"&VEC_LMP_GMX_UniqueMap!CE4 -> O1V-C1V-C1V-O1V | BP35: dihedral_coeff | BQ35: 33 | BR35: =BR63 -> -2.06 | BS35: =BS63 -> -0.313 | BT35: =BT63 -> 0.315 | BU35: =BU63 -> 0 | BV35: # | BW35: C2MT-C1MT-C1V-C1V | BX35: From CCCC in butyric acid
AM36: =AM35+1 -> 34 | AN36: =VEC_LMP_GMX_UniqueMap!AU9 -> 116.9 | AO36: =VEC_LMP_GMX_UniqueMap!AV9 -> 694.544 | AP36: =VEC_LMP_GMX_UniqueMap!AW9 -> C1V | AQ36: =VEC_LMP_GMX_UniqueMap!AX9 -> O1V | AR36: =VEC_LMP_GMX_UniqueMap!AY9 -> C2V | AS36: =AP36&"-"&AQ36&"-"&AR36 -> C1V-O1V-C2V | AU36: angle_coeff | AV36: 34 | AW36: {=_xlfn.XLOOKUP(AZ36,$AS$3:$AS$37,ROUND(0.119502868*$AO$3:$AO$37,3))} -> 78.67 | AX36: {=_xlfn.XLOOKUP(AZ36,$AS$3:$AS$37,ROUND($AN$3:$AN$37,3))} -> 104.36 | AY36: # | AZ36: NMT-SMT-O3MT | BE36: =BE35+1 -> 34 | BF36: =VEC_LMP_GMX_UniqueMap!BV5 -> 0.414 | BG36: =VEC_LMP_GMX_UniqueMap!BW5 -> 1.243 | BH36: =VEC_LMP_GMX_UniqueMap!BX5 -> 0 | BI36: =VEC_LMP_GMX_UniqueMap!BY5 -> -1.657 | BJ36: =VEC_LMP_GMX_UniqueMap!BZ5 -> 0 | BK36: =VEC_LMP_GMX_UniqueMap!CA5 -> 0 | BL36: =SUM(BF36:BK36) -> 0 | BM36: =VEC_LMP_GMX_UniqueMap!CB5&"-"&VEC_LMP_GMX_UniqueMap!CC5&"-"&VEC_LMP_GMX_UniqueMap!CD5&"-"&VEC_LMP_GMX_UniqueMap!CE5 -> C2V-O1V-C1V-HV | BP36: dihedral_coeff | BQ36: 34 | BR36: =BR34 -> 0 | BS36: =BS34 -> 0 | BT36: =BT34 -> -0.1 | BU36: =BU34 -> 0 | BV36: # | BW36: C2MT-C1MT-C1V-HV | BX36: ="Same as "&BW34 -> Same as C2MT-C1MT-C1MT-HMT
AM37: =AM36+1 -> 35 | AN37: =VEC_LMP_GMX_UniqueMap!AU10 -> 123.4 | AO37: =VEC_LMP_GMX_UniqueMap!AV10 -> 694.544 | AP37: =VEC_LMP_GMX_UniqueMap!AW10 -> O1V | AQ37: =VEC_LMP_GMX_UniqueMap!AX10 -> C2V | AR37: =VEC_LMP_GMX_UniqueMap!AY10 -> O2V | AS37: =AP37&"-"&AQ37&"-"&AR37 -> O1V-C2V-O2V | AU37: angle_coeff | AV37: 35 | AW37: {=_xlfn.XLOOKUP(AZ37,$AS$3:$AS$37,ROUND(0.119502868*$AO$3:$AO$37,3))} -> 83 | AX37: {=_xlfn.XLOOKUP(AZ37,$AS$3:$AS$37,ROUND($AN$3:$AN$37,3))} -> 123.4 | AY37: # | AZ37: O1MT-C2MT-O2MT | BE37: =BE36+1 -> 35 | BF37: =VEC_LMP_GMX_UniqueMap!BV6-0.001 -> 0.627 | BG37: =VEC_LMP_GMX_UniqueMap!BW6 -> 1.883 | BH37: =VEC_LMP_GMX_UniqueMap!BX6 -> 0 | BI37: =VEC_LMP_GMX_UniqueMap!BY6 -> -2.51 | BJ37: =VEC_LMP_GMX_UniqueMap!BZ6 -> 0 | BK37: =VEC_LMP_GMX_UniqueMap!CA6 -> 0 | BL37: =SUM(BF37:BK37) -> 0 | BM37: =VEC_LMP_GMX_UniqueMap!CB6&"-"&VEC_LMP_GMX_UniqueMap!CC6&"-"&VEC_LMP_GMX_UniqueMap!CD6&"-"&VEC_LMP_GMX_UniqueMap!CE6 -> C1V-C1V-C1V-HV | BP37: dihedral_coeff | BQ37: 35 | BR37: {=ROUND(0.239005736*(-2*_xlfn.XLOOKUP(BW37,$BM$3:$BM$54,ROUND($BG$3:$BG$54,5)) - 1.5*_xlfn.XLOOKUP(BW37,$BM$3:$BM$54,ROUND($BI$3:$BI$54,5))),3)} -> 0 | BS37: {=ROUND(0.239005736*(_xlfn.XLOOKUP(BW37,$BM$3:$BM$54,ROUND($BF$3:$BF$54,5)) + _xlfn.XLOOKUP(BW37,$BM$3:$BM$54,ROUND($BG$3:$BG$54,5)) + _xlfn.XLOOKUP(BW37,$BM$3:$BM$54,ROUND($BI$3:$BI$54,5))),3)} -> 0 | BT37: {=ROUND(0.239005736*(-0.5*_xlfn.XLOOKUP(BW37,$BM$3:$BM$54,ROUND($BI$3:$BI$54,5))),3)} -> 0 | BU37: {=ROUND(0.239005736*(-0.25*_xlfn.XLOOKUP(BW37,$BM$3:$BM$54,ROUND($BJ$3:$BJ$54,5))),3)} -> 0 | BV37: # | BW37: FMT-C1MT-SMT-NMT
AU38: angle_coeff | AV38: 36 | AW38: {=_xlfn.XLOOKUP(AZ38,$AS$3:$AS$37,ROUND(0.119502868*$AO$3:$AO$37,3))} -> 69.9 | AX38: {=_xlfn.XLOOKUP(AZ38,$AS$3:$AS$37,ROUND($AN$3:$AN$37,3))} -> 118.18 | AY38: # | AZ38: O1V-C2V-O1V | BE38: =BE37+1 -> 36 | BF38: =VEC_LMP_GMX_UniqueMap!BV7-0.001 -> 0.627 | BG38: =VEC_LMP_GMX_UniqueMap!BW7 -> 1.883 | BH38: =VEC_LMP_GMX_UniqueMap!BX7 -> 0 | BI38: =VEC_LMP_GMX_UniqueMap!BY7 -> -2.51 | BJ38: =VEC_LMP_GMX_UniqueMap!BZ7 -> 0 | BK38: =VEC_LMP_GMX_UniqueMap!CA7 -> 0 | BL38: =SUM(BF38:BK38) -> 0 | BM38: =VEC_LMP_GMX_UniqueMap!CB7&"-"&VEC_LMP_GMX_UniqueMap!CC7&"-"&VEC_LMP_GMX_UniqueMap!CD7&"-"&VEC_LMP_GMX_UniqueMap!CE7 -> HV-C1V-C1V-HV | BP38: dihedral_coeff | BQ38: 36 | BR38: {=ROUND(0.239005736*(-2*_xlfn.XLOOKUP(BW38,$BM$3:$BM$54,ROUND($BG$3:$BG$54,5)) - 1.5*_xlfn.XLOOKUP(BW38,$BM$3:$BM$54,ROUND($BI$3:$BI$54,5))),3)} -> 0 | BS38: {=ROUND(0.239005736*(_xlfn.XLOOKUP(BW38,$BM$3:$BM$54,ROUND($BF$3:$BF$54,5)) + _xlfn.XLOOKUP(BW38,$BM$3:$BM$54,ROUND($BG$3:$BG$54,5)) + _xlfn.XLOOKUP(BW38,$BM$3:$BM$54,ROUND($BI$3:$BI$54,5))),3)} -> 0 | BT38: {=ROUND(0.239005736*(-0.5*_xlfn.XLOOKUP(BW38,$BM$3:$BM$54,ROUND($BI$3:$BI$54,5))),3)} -> 0 | BU38: {=ROUND(0.239005736*(-0.25*_xlfn.XLOOKUP(BW38,$BM$3:$BM$54,ROUND($BJ$3:$BJ$54,5))),3)} -> 0 | BV38: # | BW38: FMT-C1MT-SMT-O3MT
AU39: angle_coeff | AV39: 37 | AW39: {=_xlfn.XLOOKUP(AZ39,$AS$3:$AS$37,ROUND(0.119502868*$AO$3:$AO$37,3))} -> 83 | AX39: {=_xlfn.XLOOKUP(AZ39,$AS$3:$AS$37,ROUND($AN$3:$AN$37,3))} -> 123.4 | AY39: # | AZ39: O1V-C2V-O2V | BE39: =BE38+1 -> 37 | BF39: =VEC_LMP_GMX_UniqueMap!BV8 -> 0.979 | BG39: =VEC_LMP_GMX_UniqueMap!BW8 -> 2.937 | BH39: =VEC_LMP_GMX_UniqueMap!BX8 -> 0 | BI39: =VEC_LMP_GMX_UniqueMap!BY8 -> -3.916 | BJ39: =VEC_LMP_GMX_UniqueMap!BZ8 -> 0 | BK39: =VEC_LMP_GMX_UniqueMap!CA8 -> 0 | BL39: =SUM(BF39:BK39) -> 0 | BM39: =VEC_LMP_GMX_UniqueMap!CB8&"-"&VEC_LMP_GMX_UniqueMap!CC8&"-"&VEC_LMP_GMX_UniqueMap!CD8&"-"&VEC_LMP_GMX_UniqueMap!CE8 -> HV-C1V-C1V-O1V | BP39: dihedral_coeff | BQ39: 37 | BR39: {=ROUND(0.239005736*(-2*_xlfn.XLOOKUP(BW39,$BM$3:$BM$54,ROUND($BG$3:$BG$54,5)) - 1.5*_xlfn.XLOOKUP(BW39,$BM$3:$BM$54,ROUND($BI$3:$BI$54,5))),3)} -> 0 | BS39: {=ROUND(0.239005736*(_xlfn.XLOOKUP(BW39,$BM$3:$BM$54,ROUND($BF$3:$BF$54,5)) + _xlfn.XLOOKUP(BW39,$BM$3:$BM$54,ROUND($BG$3:$BG$54,5)) + _xlfn.XLOOKUP(BW39,$BM$3:$BM$54,ROUND($BI$3:$BI$54,5))),3)} -> 0 | BT39: {=ROUND(0.239005736*(-0.5*_xlfn.XLOOKUP(BW39,$BM$3:$BM$54,ROUND($BI$3:$BI$54,5))),3)} -> 0.3 | BU39: {=ROUND(0.239005736*(-0.25*_xlfn.XLOOKUP(BW39,$BM$3:$BM$54,ROUND($BJ$3:$BJ$54,5))),3)} -> 0 | BV39: # | BW39: HMT-C1MT-C1MT-HMT
AU40: angle_coeff | AV40: 38 | AW40: {=_xlfn.XLOOKUP(AZ40,$AS$3:$AS$37,ROUND(0.119502868*$AO$3:$AO$37,3))} -> 104 | AX40: {=_xlfn.XLOOKUP(AZ40,$AS$3:$AS$37,ROUND($AN$3:$AN$37,3))} -> 119 | AY40: # | AZ40: O3MT-SMT-O3MT | BE40: =BE39+1 -> 38 | BF40: =VEC_LMP_GMX_UniqueMap!BV9 -> 2.301 | BG40: =VEC_LMP_GMX_UniqueMap!BW9 -> -1.464 | BH40: =VEC_LMP_GMX_UniqueMap!BX9 -> 0.837 | BI40: =VEC_LMP_GMX_UniqueMap!BY9 -> -1.674 | BJ40: =VEC_LMP_GMX_UniqueMap!BZ9 -> 0 | BK40: =VEC_LMP_GMX_UniqueMap!CA9 -> 0 | BL40: =SUM(BF40:BK40) -> 2.220446e-16 | BM40: =VEC_LMP_GMX_UniqueMap!CB9&"-"&VEC_LMP_GMX_UniqueMap!CC9&"-"&VEC_LMP_GMX_UniqueMap!CD9&"-"&VEC_LMP_GMX_UniqueMap!CE9 -> C1V-C1V-C1V-C1V | BP40: dihedral_coeff | BQ40: 38 | BR40: {=ROUND(0.239005736*(-2*_xlfn.XLOOKUP(BW40,$BM$3:$BM$54,ROUND($BG$3:$BG$54,5)) - 1.5*_xlfn.XLOOKUP(BW40,$BM$3:$BM$54,ROUND($BI$3:$BI$54,5))),3)} -> 0 | BS40: {=ROUND(0.239005736*(_xlfn.XLOOKUP(BW40,$BM$3:$BM$54,ROUND($BF$3:$BF$54,5)) + _xlfn.XLOOKUP(BW40,$BM$3:$BM$54,ROUND($BG$3:$BG$54,5)) + _xlfn.XLOOKUP(BW40,$BM$3:$BM$54,ROUND($BI$3:$BI$54,5))),3)} -> 0 | BT40: {=ROUND(0.239005736*(-0.5*_xlfn.XLOOKUP(BW40,$BM$3:$BM$54,ROUND($BI$3:$BI$54,5))),3)} -> 0.468 | BU40: {=ROUND(0.239005736*(-0.25*_xlfn.XLOOKUP(BW40,$BM$3:$BM$54,ROUND($BJ$3:$BJ$54,5))),3)} -> 0 | BV40: # | BW40: HMT-C1MT-C1MT-O1MT
AU41: angle_coeff | AV41: 39 | AW41: {=_xlfn.XLOOKUP(AZ41,$AS$3:$AS$37,ROUND(0.119502868*$AO$3:$AO$37,3))} -> 60.26 | AX41: {=_xlfn.XLOOKUP(AZ41,$AS$3:$AS$37,ROUND($AN$3:$AN$37,3))} -> 116.57 | AY41: # | AZ41: SMT-NMT-SMT | BE41: =BE40+1 -> 39 | BF41: =VEC_LMP_GMX_UniqueMap!BV10 -> 2.874 | BG41: =VEC_LMP_GMX_UniqueMap!BW10 -> 0.582 | BH41: =VEC_LMP_GMX_UniqueMap!BX10 -> 2.092 | BI41: =VEC_LMP_GMX_UniqueMap!BY10 -> -5.548 | BJ41: =VEC_LMP_GMX_UniqueMap!BZ10 -> 0 | BK41: =VEC_LMP_GMX_UniqueMap!CA10 -> 0 | BL41: =SUM(BF41:BK41) -> 0 | BM41: =VEC_LMP_GMX_UniqueMap!CB10&"-"&VEC_LMP_GMX_UniqueMap!CC10&"-"&VEC_LMP_GMX_UniqueMap!CD10&"-"&VEC_LMP_GMX_UniqueMap!CE10 -> O1V-C1V-C1V-C1V | BP41: dihedral_coeff | BQ41: 39 | BR41: {=ROUND(0.239005736*(-2*_xlfn.XLOOKUP(BW41,$BM$3:$BM$54,ROUND($BG$3:$BG$54,5)) - 1.5*_xlfn.XLOOKUP(BW41,$BM$3:$BM$54,ROUND($BI$3:$BI$54,5))),3)} -> 0 | BS41: {=ROUND(0.239005736*(_xlfn.XLOOKUP(BW41,$BM$3:$BM$54,ROUND($BF$3:$BF$54,5)) + _xlfn.XLOOKUP(BW41,$BM$3:$BM$54,ROUND($BG$3:$BG$54,5)) + _xlfn.XLOOKUP(BW41,$BM$3:$BM$54,ROUND($BI$3:$BI$54,5))),3)} -> 0 | BT41: {=ROUND(0.239005736*(-0.5*_xlfn.XLOOKUP(BW41,$BM$3:$BM$54,ROUND($BI$3:$BI$54,5))),3)} -> 0.452 | BU41: {=ROUND(0.239005736*(-0.25*_xlfn.XLOOKUP(BW41,$BM$3:$BM$54,ROUND($BJ$3:$BJ$54,5))),3)} -> 0 | BV41: # | BW41: SMT-C1MT-C1MT-HMT
BE42: =BE41+1 -> 40 | BF42: =VEC_LMP_GMX_UniqueMap!BV11 -> 21.439 | BG42: =VEC_LMP_GMX_UniqueMap!BW11 -> 0 | BH42: =VEC_LMP_GMX_UniqueMap!BX11 -> -21.439 | BI42: =VEC_LMP_GMX_UniqueMap!BY11 -> 0 | BJ42: =VEC_LMP_GMX_UniqueMap!BZ11 -> 0 | BK42: =VEC_LMP_GMX_UniqueMap!CA11 -> 0 | BL42: =SUM(BF42:BK42) -> 0 | BM42: =VEC_LMP_GMX_UniqueMap!CB11&"-"&VEC_LMP_GMX_UniqueMap!CC11&"-"&VEC_LMP_GMX_UniqueMap!CD11&"-"&VEC_LMP_GMX_UniqueMap!CE11 -> O2V-C2V-O1V-C1V | BP42: dihedral_coeff | BQ42: 40 | BR42: =BR31 -> 0 | BS42: =BS31 -> 0 | BT42: =BT31 -> 0.3 | BU42: =BU31 -> 0 | BV42: # | BW42: HMT-C1MT-C1V-C1V | BX42: ="Same as "&BW31 -> Same as C1V-C1V-C1V-HV
BE43: =BE42+1 -> 41 | BF43: =VEC_LMP_GMX_UniqueMap!BV12+0.001 -> 31.207 | BG43: =VEC_LMP_GMX_UniqueMap!BW12 -> -9.768 | BH43: =VEC_LMP_GMX_UniqueMap!BX12 -> -21.439 | BI43: =VEC_LMP_GMX_UniqueMap!BY12 -> 0 | BJ43: =VEC_LMP_GMX_UniqueMap!BZ12 -> 0 | BK43: =VEC_LMP_GMX_UniqueMap!CA12 -> 0 | BL43: =SUM(BF43:BK43) -> 0 | BM43: =VEC_LMP_GMX_UniqueMap!CB12&"-"&VEC_LMP_GMX_UniqueMap!CC12&"-"&VEC_LMP_GMX_UniqueMap!CD12&"-"&VEC_LMP_GMX_UniqueMap!CE12 -> C1V-O1V-C2V-O1V | BP43: dihedral_coeff | BQ43: 41 | BR43: =BR39 -> 0 | BS43: =BS39 -> 0 | BT43: =BT39 -> 0.3 | BU43: =BU39 -> 0 | BV43: # | BW43: HMT-C1MT-C1V-HV | BX43: ="Same as "&BW39 -> Same as HMT-C1MT-C1MT-HMT
BP44: dihedral_coeff | BQ44: 42 | BR44: {=ROUND(0.239005736*(-2*_xlfn.XLOOKUP(BW44,$BM$3:$BM$54,ROUND($BG$3:$BG$54,5)) - 1.5*_xlfn.XLOOKUP(BW44,$BM$3:$BM$54,ROUND($BI$3:$BI$54,5))),3)} -> 0 | BS44: {=ROUND(0.239005736*(_xlfn.XLOOKUP(BW44,$BM$3:$BM$54,ROUND($BF$3:$BF$54,5)) + _xlfn.XLOOKUP(BW44,$BM$3:$BM$54,ROUND($BG$3:$BG$54,5)) + _xlfn.XLOOKUP(BW44,$BM$3:$BM$54,ROUND($BI$3:$BI$54,5))),3)} -> 0 | BT44: {=ROUND(0.239005736*(-0.5*_xlfn.XLOOKUP(BW44,$BM$3:$BM$54,ROUND($BI$3:$BI$54,5))),3)} -> 0.198 | BU44: {=ROUND(0.239005736*(-0.25*_xlfn.XLOOKUP(BW44,$BM$3:$BM$54,ROUND($BJ$3:$BJ$54,5))),3)} -> 0 | BV44: # | BW44: HMT-C1MT-O1MT-C2MT
BP45: dihedral_coeff | BQ45: 43 | BR45: {=ROUND(0.239005736*(-2*_xlfn.XLOOKUP(BW45,$BM$3:$BM$54,ROUND($BG$3:$BG$54,5)) - 1.5*_xlfn.XLOOKUP(BW45,$BM$3:$BM$54,ROUND($BI$3:$BI$54,5))),3)} -> 0 | BS45: {=ROUND(0.239005736*(_xlfn.XLOOKUP(BW45,$BM$3:$BM$54,ROUND($BF$3:$BF$54,5)) + _xlfn.XLOOKUP(BW45,$BM$3:$BM$54,ROUND($BG$3:$BG$54,5)) + _xlfn.XLOOKUP(BW45,$BM$3:$BM$54,ROUND($BI$3:$BI$54,5))),3)} -> 0 | BT45: {=ROUND(0.239005736*(-0.5*_xlfn.XLOOKUP(BW45,$BM$3:$BM$54,ROUND($BI$3:$BI$54,5))),3)} -> 0 | BU45: {=ROUND(0.239005736*(-0.25*_xlfn.XLOOKUP(BW45,$BM$3:$BM$54,ROUND($BJ$3:$BJ$54,5))),3)} -> 0 | BV45: # | BW45: NMT-SMT-C1MT-HMT
BP46: dihedral_coeff | BQ46: 44 | BR46: {=ROUND(0.239005736*(-2*_xlfn.XLOOKUP(BW46,$BM$3:$BM$54,ROUND($BG$3:$BG$54,5)) - 1.5*_xlfn.XLOOKUP(BW46,$BM$3:$BM$54,ROUND($BI$3:$BI$54,5))),3)} -> 0 | BS46: {=ROUND(0.239005736*(_xlfn.XLOOKUP(BW46,$BM$3:$BM$54,ROUND($BF$3:$BF$54,5)) + _xlfn.XLOOKUP(BW46,$BM$3:$BM$54,ROUND($BG$3:$BG$54,5)) + _xlfn.XLOOKUP(BW46,$BM$3:$BM$54,ROUND($BI$3:$BI$54,5))),3)} -> 0 | BT46: {=ROUND(0.239005736*(-0.5*_xlfn.XLOOKUP(BW46,$BM$3:$BM$54,ROUND($BI$3:$BI$54,5))),3)} -> 0.35 | BU46: {=ROUND(0.239005736*(-0.25*_xlfn.XLOOKUP(BW46,$BM$3:$BM$54,ROUND($BJ$3:$BJ$54,5))),3)} -> 0 | BV46: # | BW46: O3MT-SMT-C1MT-HMT
BP47: dihedral_coeff | BQ47: 45 | BR47: {=ROUND(0.239005736*(-2*_xlfn.XLOOKUP(BW47,$BM$3:$BM$54,ROUND($BG$3:$BG$54,5)) - 1.5*_xlfn.XLOOKUP(BW47,$BM$3:$BM$54,ROUND($BI$3:$BI$54,5))),3)} -> 0 | BS47: {=ROUND(0.239005736*(_xlfn.XLOOKUP(BW47,$BM$3:$BM$54,ROUND($BF$3:$BF$54,5)) + _xlfn.XLOOKUP(BW47,$BM$3:$BM$54,ROUND($BG$3:$BG$54,5)) + _xlfn.XLOOKUP(BW47,$BM$3:$BM$54,ROUND($BI$3:$BI$54,5))),3)} -> 0 | BT47: {=ROUND(0.239005736*(-0.5*_xlfn.XLOOKUP(BW47,$BM$3:$BM$54,ROUND($BI$3:$BI$54,5))),3)} -> 0.3 | BU47: {=ROUND(0.239005736*(-0.25*_xlfn.XLOOKUP(BW47,$BM$3:$BM$54,ROUND($BJ$3:$BJ$54,5))),3)} -> 0 | BV47: # | BW47: HV-C1V-C1V-HV
BP48: dihedral_coeff | BQ48: 46 | BR48: {=ROUND(0.239005736*(-2*_xlfn.XLOOKUP(BW48,$BM$3:$BM$54,ROUND($BG$3:$BG$54,5)) - 1.5*_xlfn.XLOOKUP(BW48,$BM$3:$BM$54,ROUND($BI$3:$BI$54,5))),3)} -> 0 | BS48: {=ROUND(0.239005736*(_xlfn.XLOOKUP(BW48,$BM$3:$BM$54,ROUND($BF$3:$BF$54,5)) + _xlfn.XLOOKUP(BW48,$BM$3:$BM$54,ROUND($BG$3:$BG$54,5)) + _xlfn.XLOOKUP(BW48,$BM$3:$BM$54,ROUND($BI$3:$BI$54,5))),3)} -> 0 | BT48: {=ROUND(0.239005736*(-0.5*_xlfn.XLOOKUP(BW48,$BM$3:$BM$54,ROUND($BI$3:$BI$54,5))),3)} -> 0.468 | BU48: {=ROUND(0.239005736*(-0.25*_xlfn.XLOOKUP(BW48,$BM$3:$BM$54,ROUND($BJ$3:$BJ$54,5))),3)} -> 0 | BV48: # | BW48: HV-C1V-C1V-O1V
BP49: dihedral_coeff | BQ49: 47 | BR49: {=ROUND(0.239005736*(-2*_xlfn.XLOOKUP(BW49,$BM$3:$BM$54,ROUND($BG$3:$BG$54,5)) - 1.5*_xlfn.XLOOKUP(BW49,$BM$3:$BM$54,ROUND($BI$3:$BI$54,5))),3)} -> 0 | BS49: {=ROUND(0.239005736*(_xlfn.XLOOKUP(BW49,$BM$3:$BM$54,ROUND($BF$3:$BF$54,5)) + _xlfn.XLOOKUP(BW49,$BM$3:$BM$54,ROUND($BG$3:$BG$54,5)) + _xlfn.XLOOKUP(BW49,$BM$3:$BM$54,ROUND($BI$3:$BI$54,5))),3)} -> 0 | BT49: {=ROUND(0.239005736*(-0.5*_xlfn.XLOOKUP(BW49,$BM$3:$BM$54,ROUND($BI$3:$BI$54,5))),3)} -> 0.198 | BU49: {=ROUND(0.239005736*(-0.25*_xlfn.XLOOKUP(BW49,$BM$3:$BM$54,ROUND($BJ$3:$BJ$54,5))),3)} -> 0 | BV49: # | BW49: C2V-O1V-C1V-HV
BP50: dihedral_coeff | BQ50: 48 | BR50: {=ROUND(0.239005736*(-2*_xlfn.XLOOKUP(BW50,$BM$3:$BM$54,ROUND($BG$3:$BG$54,5)) - 1.5*_xlfn.XLOOKUP(BW50,$BM$3:$BM$54,ROUND($BI$3:$BI$54,5))),3)} -> -0.55 | BS50: {=ROUND(0.239005736*(_xlfn.XLOOKUP(BW50,$BM$3:$BM$54,ROUND($BF$3:$BF$54,5)) + _xlfn.XLOOKUP(BW50,$BM$3:$BM$54,ROUND($BG$3:$BG$54,5)) + _xlfn.XLOOKUP(BW50,$BM$3:$BM$54,ROUND($BI$3:$BI$54,5))),3)} -> 0 | BT50: {=ROUND(0.239005736*(-0.5*_xlfn.XLOOKUP(BW50,$BM$3:$BM$54,ROUND($BI$3:$BI$54,5))),3)} -> 0 | BU50: {=ROUND(0.239005736*(-0.25*_xlfn.XLOOKUP(BW50,$BM$3:$BM$54,ROUND($BJ$3:$BJ$54,5))),3)} -> 0 | BV50: # | BW50: O1V-C1V-C1V-O1V
BP51: dihedral_coeff | BQ51: 49 | BR51: {=ROUND(0.239005736*(-2*_xlfn.XLOOKUP(BW51,$BM$3:$BM$54,ROUND($BG$3:$BG$54,5)) - 1.5*_xlfn.XLOOKUP(BW51,$BM$3:$BM$54,ROUND($BI$3:$BI$54,5))),3)} -> 4.669 | BS51: {=ROUND(0.239005736*(_xlfn.XLOOKUP(BW51,$BM$3:$BM$54,ROUND($BF$3:$BF$54,5)) + _xlfn.XLOOKUP(BW51,$BM$3:$BM$54,ROUND($BG$3:$BG$54,5)) + _xlfn.XLOOKUP(BW51,$BM$3:$BM$54,ROUND($BI$3:$BI$54,5))),3)} -> 5.124 | BT51: {=ROUND(0.239005736*(-0.5*_xlfn.XLOOKUP(BW51,$BM$3:$BM$54,ROUND($BI$3:$BI$54,5))),3)} -> 0 | BU51: {=ROUND(0.239005736*(-0.25*_xlfn.XLOOKUP(BW51,$BM$3:$BM$54,ROUND($BJ$3:$BJ$54,5))),3)} -> 0 | BV51: # | BW51: C1V-O1V-C2V-O1V
BP52: dihedral_coeff | BQ52: 50 | BR52: {=ROUND(0.239005736*(-2*_xlfn.XLOOKUP(BW52,$BM$3:$BM$54,ROUND($BG$3:$BG$54,5)) - 1.5*_xlfn.XLOOKUP(BW52,$BM$3:$BM$54,ROUND($BI$3:$BI$54,5))),3)} -> 0 | BS52: {=ROUND(0.239005736*(_xlfn.XLOOKUP(BW52,$BM$3:$BM$54,ROUND($BF$3:$BF$54,5)) + _xlfn.XLOOKUP(BW52,$BM$3:$BM$54,ROUND($BG$3:$BG$54,5)) + _xlfn.XLOOKUP(BW52,$BM$3:$BM$54,ROUND($BI$3:$BI$54,5))),3)} -> 5.124 | BT52: {=ROUND(0.239005736*(-0.5*_xlfn.XLOOKUP(BW52,$BM$3:$BM$54,ROUND($BI$3:$BI$54,5))),3)} -> 0 | BU52: {=ROUND(0.239005736*(-0.25*_xlfn.XLOOKUP(BW52,$BM$3:$BM$54,ROUND($BJ$3:$BJ$54,5))),3)} -> 0 | BV52: # | BW52: C1MT-O1MT-C2MT-O2MT
BP53: dihedral_coeff | BQ53: 51 | BR53: {=ROUND(0.239005736*(-2*_xlfn.XLOOKUP(BW53,$BM$3:$BM$54,ROUND($BG$3:$BG$54,5)) - 1.5*_xlfn.XLOOKUP(BW53,$BM$3:$BM$54,ROUND($BI$3:$BI$54,5))),3)} -> 0 | BS53: {=ROUND(0.239005736*(_xlfn.XLOOKUP(BW53,$BM$3:$BM$54,ROUND($BF$3:$BF$54,5)) + _xlfn.XLOOKUP(BW53,$BM$3:$BM$54,ROUND($BG$3:$BG$54,5)) + _xlfn.XLOOKUP(BW53,$BM$3:$BM$54,ROUND($BI$3:$BI$54,5))),3)} -> 5.124 | BT53: {=ROUND(0.239005736*(-0.5*_xlfn.XLOOKUP(BW53,$BM$3:$BM$54,ROUND($BI$3:$BI$54,5))),3)} -> 0 | BU53: {=ROUND(0.239005736*(-0.25*_xlfn.XLOOKUP(BW53,$BM$3:$BM$54,ROUND($BJ$3:$BJ$54,5))),3)} -> 0 | BV53: # | BW53: O2V-C2V-O1V-C1V
BP54: dihedral_coeff | BQ54: 52 | BR54: {=ROUND(0.239005736*(-2*_xlfn.XLOOKUP(BW54,$BM$3:$BM$54,ROUND($BG$3:$BG$54,5)) - 1.5*_xlfn.XLOOKUP(BW54,$BM$3:$BM$54,ROUND($BI$3:$BI$54,5))),3)} -> 1.671 | BS54: {=ROUND(0.239005736*(_xlfn.XLOOKUP(BW54,$BM$3:$BM$54,ROUND($BF$3:$BF$54,5)) + _xlfn.XLOOKUP(BW54,$BM$3:$BM$54,ROUND($BG$3:$BG$54,5)) + _xlfn.XLOOKUP(BW54,$BM$3:$BM$54,ROUND($BI$3:$BI$54,5))),3)} -> -4.901 | BT54: {=ROUND(0.239005736*(-0.5*_xlfn.XLOOKUP(BW54,$BM$3:$BM$54,ROUND($BI$3:$BI$54,5))),3)} -> 0.669 | BU54: {=ROUND(0.239005736*(-0.25*_xlfn.XLOOKUP(BW54,$BM$3:$BM$54,ROUND($BJ$3:$BJ$54,5))),3)} -> 0 | BV54: # | BW54: SMT-NMT-SMT-C1MT
BP55: dihedral_coeff | BQ55: 53 | BR55: {=ROUND(0.239005736*(-2*_xlfn.XLOOKUP(BW55,$BM$3:$BM$54,ROUND($BG$3:$BG$54,5)) - 1.5*_xlfn.XLOOKUP(BW55,$BM$3:$BM$54,ROUND($BI$3:$BI$54,5))),3)} -> 0 | BS55: {=ROUND(0.239005736*(_xlfn.XLOOKUP(BW55,$BM$3:$BM$54,ROUND($BF$3:$BF$54,5)) + _xlfn.XLOOKUP(BW55,$BM$3:$BM$54,ROUND($BG$3:$BG$54,5)) + _xlfn.XLOOKUP(BW55,$BM$3:$BM$54,ROUND($BI$3:$BI$54,5))),3)} -> 0 | BT55: {=ROUND(0.239005736*(-0.5*_xlfn.XLOOKUP(BW55,$BM$3:$BM$54,ROUND($BI$3:$BI$54,5))),3)} -> 0 | BU55: {=ROUND(0.239005736*(-0.25*_xlfn.XLOOKUP(BW55,$BM$3:$BM$54,ROUND($BJ$3:$BJ$54,5))),3)} -> 0 | BV55: # | BW55: O3MT-SMT-NMT-SMT
BQ61: Extras
BQ62: C-C-C-C (all-sp3) | BR62: 1.3 | BS62: -0.2 | BT62: 0.2 | BU62: 0 | BV62: # | BW62: From CCCC in butane
BQ63: C(sp2)-C(sp3)-C(sp3)-C(sp3) | BR63: -2.06 | BS63: -0.313 | BT63: 0.315 | BU63: 0 | BV63: # | BW63: From CCCC in butyric acid

Sheet PEO_LMP_GMX_UniqueMap
A1: Step1: Copy LJ params and masses from Ligpargen LMP file | B1: From LigPargen LMP file | C1: ATOM TYPES | G1: Assign types manually | I1: Select those which are unique | N1: Unique types | Q1: From LigPargen ITP file | R1: BOND TYPES | V1: Assign types manually | Y1: Select those which are unique | AG1: From LigPargen ITP file | AH1: ANGLE TYPES | AM1: Assign types manually | AQ1: Select those which are unique | BA1: From LigPargen ITP file | BB1: DIHEDRAL TYPES | BL1: Assign types manually | BQ1: Select those which are unique
A2: Step2: Order according to Lj params epsilon and sigma | B2: ID | C2: LJ epsilon | D2: LJ sigma | E2: ID | F2: mass | G2: type | I2: ID | J2: LJ epsilon | K2: Lj sigma | L2: ID | M2: mass | N2: type | Q2: ID-1 | R2: ID-2 | S2: funct | T2: r0 | U2: k | V2: type-1 | W2: type-2 | Y2: ID-1 | Z2: ID-2 | AA2: funct | AB2: r0 | AC2: k | AD2: type-1 | AE2: type-2 | AG2: ID-1 | AH2: ID-2 | AI2: ID-3 | AJ2: funct | AK2: theta_0 | AL2: k | AM2: type-1 | AN2: type-2 | AO2: type-3 | AQ2: ID-1 | AR2: ID-2 | AS2: ID-3 | AT2: funct | AU2: theta_0 | AV2: k | AW2: type-1 | AX2: type-2 | AY2: type-3 | BA2: ID-1 | BB2: ID-2 | BC2: ID-3 | BD2: ID-4 | BE2: funct | BF2: c0 | BG2: c1 | BH2: c2 | BI2: c3 | BJ2: c4 | BK2: c5 | BL2: type-1 | BM2: type-2 | BN2: type-3 | BO2: type-4 | BQ2: ID-1 | BR2: ID-2 | BS2: ID-3 | BT2: ID-4 | BU2: funct | BV2: c0 | BW2: c1 | BX2: c2 | BY2: c3 | BZ2: c4 | CA2: c5 | CB2: type-1 | CC2: type-2 | CD2: type-3 | CE2: type-4
A3: Step3: Reorder sigma values | B3: 1 | C3: 0.066 | D3: 3.5 | E3: 1 | F3: 12.011 | G3: C1P | I3: 1 | J3: 0.066 | K3: 3.5 | L3: 1 | M3: 12.011 | N3: C1P | Q3: 2 | R3: 1 | S3: 1 | T3: 0.141 | U3: 267776 | V3: =_xlfn.XLOOKUP(Q3,$B$3:$B$46,$G$3:$G$46) -> O1P | W3: =_xlfn.XLOOKUP(R3,$B$3:$B$46,$G$3:$G$46) -> C1P | Y3: 2 | Z3: 1 | AA3: 1 | AB3: 0.141 | AC3: 267776 | AD3: =_xlfn.XLOOKUP(Y3,$B$3:$B$46,$G$3:$G$46) -> O1P | AE3: =_xlfn.XLOOKUP(Z3,$B$3:$B$46,$G$3:$G$46) -> C1P | AG3: 1 | AH3: 2 | AI3: 3 | AJ3: 1 | AK3: 109.5 | AL3: 502.08 | AM3: =_xlfn.XLOOKUP(AG3,$B$3:$B$46,$G$3:$G$46) -> C1P | AN3: =_xlfn.XLOOKUP(AH3,$B$3:$B$46,$G$3:$G$46) -> O1P | AO3: =_xlfn.XLOOKUP(AI3,$B$3:$B$46,$G$3:$G$46) -> C1P | AQ3: 1 | AR3: 2 | AS3: 3 | AT3: 1 | AU3: 109.5 | AV3: 502.08 | AW3: =_xlfn.XLOOKUP(AQ3,$B$3:$B$46,$G$3:$G$46) -> C1P | AX3: =_xlfn.XLOOKUP(AR3,$B$3:$B$46,$G$3:$G$46) -> O1P | AY3: =_xlfn.XLOOKUP(AS3,$B$3:$B$46,$G$3:$G$46) -> C1P | BA3: 4 | BB3: 3 | BC3: 2 | BD3: 1 | BE3: 3 | BF3: 1.715 | BG3: 2.845 | BH3: 1.046 | BI3: -5.607 | BJ3: 0 | BK3: 0 | BL3: =_xlfn.XLOOKUP(BA3,$B$3:$B$46,$G$3:$G$46) -> C1P | BM3: =_xlfn.XLOOKUP(BB3,$B$3:$B$46,$G$3:$G$46) -> C1P | BN3: =_xlfn.XLOOKUP(BC3,$B$3:$B$46,$G$3:$G$46) -> O1P | BO3: =_xlfn.XLOOKUP(BD3,$B$3:$B$46,$G$3:$G$46) -> C1P | BQ3: 4 | BR3: 3 | BS3: 2 | BT3: 1 | BU3: 3 | BV3: 1.715 | BW3: 2.845 | BX3: 1.046 | BY3: -5.607 | BZ3: 0 | CA3: 0 | CB3: =_xlfn.XLOOKUP(BQ3,$B$3:$B$46,$G$3:$G$46) -> C1P | CC3: =_xlfn.XLOOKUP(BR3,$B$3:$B$46,$G$3:$G$46) -> C1P | CD3: =_xlfn.XLOOKUP(BS3,$B$3:$B$46,$G$3:$G$46) -> O1P | CE3: =_xlfn.XLOOKUP(BT3,$B$3:$B$46,$G$3:$G$46) -> C1P
A4: Step4: Assign types manually (Column G) | B4: 2 | C4: 0.14 | D4: 2.9 | E4: 2 | F4: 15.999 | G4: O1P | I4: 2 | J4: 0.14 | K4: 2.9 | L4: 2 | M4: 15.999 | N4: O1P | Q4: 3 | R4: 2 | S4: 1 | T4: 0.141 | U4: 267776 | V4: =_xlfn.XLOOKUP(Q4,$B$3:$B$46,$G$3:$G$46) -> C1P | W4: =_xlfn.XLOOKUP(R4,$B$3:$B$46,$G$3:$G$46) -> O1P | Y4: 4 | Z4: 3 | AA4: 1 | AB4: 0.1529 | AC4: 224262.4 | AD4: =_xlfn.XLOOKUP(Y4,$B$3:$B$46,$G$3:$G$46) -> C1P | AE4: =_xlfn.XLOOKUP(Z4,$B$3:$B$46,$G$3:$G$46) -> C1P | AG4: 2 | AH4: 3 | AI4: 4 | AJ4: 1 | AK4: 109.5 | AL4: 418.4 | AM4: =_xlfn.XLOOKUP(AG4,$B$3:$B$46,$G$3:$G$46) -> O1P | AN4: =_xlfn.XLOOKUP(AH4,$B$3:$B$46,$G$3:$G$46) -> C1P | AO4: =_xlfn.XLOOKUP(AI4,$B$3:$B$46,$G$3:$G$46) -> C1P | AQ4: 2 | AR4: 3 | AS4: 4 | AT4: 1 | AU4: 109.5 | AV4: 418.4 | AW4: =_xlfn.XLOOKUP(AQ4,$B$3:$B$46,$G$3:$G$46) -> O1P | AX4: =_xlfn.XLOOKUP(AR4,$B$3:$B$46,$G$3:$G$46) -> C1P | AY4: =_xlfn.XLOOKUP(AS4,$B$3:$B$46,$G$3:$G$46) -> C1P | BA4: 16 | BB4: 15 | BC4: 14 | BD4: 13 | BE4: 3 | BF4: 1.715 | BG4: 2.845 | BH4: 1.046 | BI4: -5.607 | BJ4: 0 | BK4: 0 | BL4: =_xlfn.XLOOKUP(BA4,$B$3:$B$46,$G$3:$G$46) -> C1P | BM4: =_xlfn.XLOOKUP(BB4,$B$3:$B$46,$G$3:$G$46) -> C1P | BN4: =_xlfn.XLOOKUP(BC4,$B$3:$B$46,$G$3:$G$46) -> O1P | BO4: =_xlfn.XLOOKUP(BD4,$B$3:$B$46,$G$3:$G$46) -> C1P | BQ4: 24 | BR4: 4 | BS4: 3 | BT4: 23 | BU4: 3 | BV4: 0.628 | BW4: 1.883 | BX4: 0 | BY4: -2.51 | BZ4: 0 | CA4: 0 | CB4: =_xlfn.XLOOKUP(BQ4,$B$3:$B$46,$G$3:$G$46) -> HP | CC4: =_xlfn.XLOOKUP(BR4,$B$3:$B$46,$G$3:$G$46) -> C1P | CD4: =_xlfn.XLOOKUP(BS4,$B$3:$B$46,$G$3:$G$46) -> C1P | CE4: =_xlfn.XLOOKUP(BT4,$B$3:$B$46,$G$3:$G$46) -> HP
A5: Step5: Copy cols B-G and remove duplicates | B5: 3 | C5: 0.066 | D5: 3.5 | E5: 3 | F5: 12.011 | G5: C1P | I5: 19 | J5: 0.03 | K5: 2.5 | L5: 19 | M5: 1.008 | N5: HP | Q5: 4 | R5: 3 | S5: 1 | T5: 0.1529 | U5: 224262.4 | V5: =_xlfn.XLOOKUP(Q5,$B$3:$B$46,$G$3:$G$46) -> C1P | W5: =_xlfn.XLOOKUP(R5,$B$3:$B$46,$G$3:$G$46) -> C1P | Y5: 19 | Z5: 1 | AA5: 1 | AB5: 0.109 | AC5: 284512 | AD5: =_xlfn.XLOOKUP(Y5,$B$3:$B$46,$G$3:$G$46) -> HP | AE5: =_xlfn.XLOOKUP(Z5,$B$3:$B$46,$G$3:$G$46) -> C1P | AG5: 3 | AH5: 4 | AI5: 5 | AJ5: 1 | AK5: 109.5 | AL5: 418.4 | AM5: =_xlfn.XLOOKUP(AG5,$B$3:$B$46,$G$3:$G$46) -> C1P | AN5: =_xlfn.XLOOKUP(AH5,$B$3:$B$46,$G$3:$G$46) -> C1P | AO5: =_xlfn.XLOOKUP(AI5,$B$3:$B$46,$G$3:$G$46) -> O1P | AQ5: 2 | AR5: 1 | AS5: 19 | AT5: 1 | AU5: 109.5 | AV5: 292.88 | AW5: =_xlfn.XLOOKUP(AQ5,$B$3:$B$46,$G$3:$G$46) -> O1P | AX5: =_xlfn.XLOOKUP(AR5,$B$3:$B$46,$G$3:$G$46) -> C1P | AY5: =_xlfn.XLOOKUP(AS5,$B$3:$B$46,$G$3:$G$46) -> HP | BA5: 10 | BB5: 9 | BC5: 8 | BD5: 7 | BE5: 3 | BF5: 1.715 | BG5: 2.845 | BH5: 1.046 | BI5: -5.607 | BJ5: 0 | BK5: 0 | BL5: =_xlfn.XLOOKUP(BA5,$B$3:$B$46,$G$3:$G$46) -> C1P | BM5: =_xlfn.XLOOKUP(BB5,$B$3:$B$46,$G$3:$G$46) -> C1P | BN5: =_xlfn.XLOOKUP(BC5,$B$3:$B$46,$G$3:$G$46) -> O1P | BO5: =_xlfn.XLOOKUP(BD5,$B$3:$B$46,$G$3:$G$46) -> C1P | BQ5: 30 | BR5: 9 | BS5: 10 | BT5: 11 | BU5: 3 | BV5: 0.979 | BW5: 2.937 | BX5: 0 | BY5: -3.916 | BZ5: 0 | CA5: 0 | CB5: =_xlfn.XLOOKUP(BQ5,$B$3:$B$46,$G$3:$G$46) -> HP | CC5: =_xlfn.XLOOKUP(BR5,$B$3:$B$46,$G$3:$G$46) -> C1P | CD5: =_xlfn.XLOOKUP(BS5,$B$3:$B$46,$G$3:$G$46) -> C1P | CE5: =_xlfn.XLOOKUP(BT5,$B$3:$B$46,$G$3:$G$46) -> O1P
A6: Step6: CROSS CHECK (IMPORTANT) | B6: 4 | C6: 0.066 | D6: 3.5 | E6: 4 | F6: 12.011 | G6: C1P | Q6: 5 | R6: 4 | S6: 1 | T6: 0.141 | U6: 267776 | V6: =_xlfn.XLOOKUP(Q6,$B$3:$B$46,$G$3:$G$46) -> O1P | W6: =_xlfn.XLOOKUP(R6,$B$3:$B$46,$G$3:$G$46) -> C1P | AG6: 4 | AH6: 5 | AI6: 6 | AJ6: 1 | AK6: 109.5 | AL6: 502.08 | AM6: =_xlfn.XLOOKUP(AG6,$B$3:$B$46,$G$3:$G$46) -> C1P | AN6: =_xlfn.XLOOKUP(AH6,$B$3:$B$46,$G$3:$G$46) -> O1P | AO6: =_xlfn.XLOOKUP(AI6,$B$3:$B$46,$G$3:$G$46) -> C1P | AQ6: 3 | AR6: 4 | AS6: 24 | AT6: 1 | AU6: 110.7 | AV6: 313.8 | AW6: =_xlfn.XLOOKUP(AQ6,$B$3:$B$46,$G$3:$G$46) -> C1P | AX6: =_xlfn.XLOOKUP(AR6,$B$3:$B$46,$G$3:$G$46) -> C1P | AY6: =_xlfn.XLOOKUP(AS6,$B$3:$B$46,$G$3:$G$46) -> HP | BA6: 13 | BB6: 12 | BC6: 11 | BD6: 10 | BE6: 3 | BF6: 1.715 | BG6: 2.845 | BH6: 1.046 | BI6: -5.607 | BJ6: 0 | BK6: 0 | BL6: =_xlfn.XLOOKUP(BA6,$B$3:$B$46,$G$3:$G$46) -> C1P | BM6: =_xlfn.XLOOKUP(BB6,$B$3:$B$46,$G$3:$G$46) -> C1P | BN6: =_xlfn.XLOOKUP(BC6,$B$3:$B$46,$G$3:$G$46) -> O1P | BO6: =_xlfn.XLOOKUP(BD6,$B$3:$B$46,$G$3:$G$46) -> C1P | BQ6: 25 | BR6: 4 | BS6: 5 | BT6: 6 | BU6: 3 | BV6: 1.59 | BW6: 4.77 | BX6: 0 | BY6: -6.36 | BZ6: 0 | CA6: 0 | CB6: =_xlfn.XLOOKUP(BQ6,$B$3:$B$46,$G$3:$G$46) -> HP | CC6: =_xlfn.XLOOKUP(BR6,$B$3:$B$46,$G$3:$G$46) -> C1P | CD6: =_xlfn.XLOOKUP(BS6,$B$3:$B$46,$G$3:$G$46) -> O1P | CE6: =_xlfn.XLOOKUP(BT6,$B$3:$B$46,$G$3:$G$46) -> C1P
A7: Step7: Copy Bond info from GROMACS itp | B7: 5 | C7: 0.14 | D7: 2.9 | E7: 5 | F7: 15.999 | G7: O1P | Q7: 6 | R7: 5 | S7: 1 | T7: 0.141 | U7: 267776 | V7: =_xlfn.XLOOKUP(Q7,$B$3:$B$46,$G$3:$G$46) -> C1P | W7: =_xlfn.XLOOKUP(R7,$B$3:$B$46,$G$3:$G$46) -> O1P | AG7: 5 | AH7: 6 | AI7: 7 | AJ7: 1 | AK7: 109.5 | AL7: 418.4 | AM7: =_xlfn.XLOOKUP(AG7,$B$3:$B$46,$G$3:$G$46) -> O1P | AN7: =_xlfn.XLOOKUP(AH7,$B$3:$B$46,$G$3:$G$46) -> C1P | AO7: =_xlfn.XLOOKUP(AI7,$B$3:$B$46,$G$3:$G$46) -> C1P | AQ7: 42 | AR7: 18 | AS7: 44 | AT7: 1 | AU7: 107.8 | AV7: 276.144 | AW7: =_xlfn.XLOOKUP(AQ7,$B$3:$B$46,$G$3:$G$46) -> HP | AX7: =_xlfn.XLOOKUP(AR7,$B$3:$B$46,$G$3:$G$46) -> C1P | AY7: =_xlfn.XLOOKUP(AS7,$B$3:$B$46,$G$3:$G$46) -> HP | BA7: 7 | BB7: 6 | BC7: 5 | BD7: 4 | BE7: 3 | BF7: 1.715 | BG7: 2.845 | BH7: 1.046 | BI7: -5.607 | BJ7: 0 | BK7: 0 | BL7: =_xlfn.XLOOKUP(BA7,$B$3:$B$46,$G$3:$G$46) -> C1P | BM7: =_xlfn.XLOOKUP(BB7,$B$3:$B$46,$G$3:$G$46) -> C1P | BN7: =_xlfn.XLOOKUP(BC7,$B$3:$B$46,$G$3:$G$46) -> O1P | BO7: =_xlfn.XLOOKUP(BD7,$B$3:$B$46,$G$3:$G$46) -> C1P | BQ7: 11 | BR7: 10 | BS7: 9 | BT7: 8 | BU7: 3 | BV7: -1.151 | BW7: 1.151 | BX7: 0 | BY7: 0 | BZ7: 0 | CA7: 0 | CB7: =_xlfn.XLOOKUP(BQ7,$B$3:$B$46,$G$3:$G$46) -> O1P | CC7: =_xlfn.XLOOKUP(BR7,$B$3:$B$46,$G$3:$G$46) -> C1P | CD7: =_xlfn.XLOOKUP(BS7,$B$3:$B$46,$G$3:$G$46) -> C1P | CE7: =_xlfn.XLOOKUP(BT7,$B$3:$B$46,$G$3:$G$46) -> O1P
A8: Step8: Assign values based on ID on 1st and 2nd atom using type by crosschecking with Cols B and H. See the command in the column | B8: 6 | C8: 0.066 | D8: 3.5 | E8: 6 | F8: 12.011 | G8: C1P | Q8: 7 | R8: 6 | S8: 1 | T8: 0.1529 | U8: 224262.4 | V8: =_xlfn.XLOOKUP(Q8,$B$3:$B$46,$G$3:$G$46) -> C1P | W8: =_xlfn.XLOOKUP(R8,$B$3:$B$46,$G$3:$G$46) -> C1P | AG8: 6 | AH8: 7 | AI8: 8 | AJ8: 1 | AK8: 109.5 | AL8: 418.4 | AM8: =_xlfn.XLOOKUP(AG8,$B$3:$B$46,$G$3:$G$46) -> C1P | AN8: =_xlfn.XLOOKUP(AH8,$B$3:$B$46,$G$3:$G$46) -> C1P | AO8: =_xlfn.XLOOKUP(AI8,$B$3:$B$46,$G$3:$G$46) -> O1P | BA8: 9 | BB8: 8 | BC8: 7 | BD8: 6 | BE8: 3 | BF8: 1.715 | BG8: 2.845 | BH8: 1.046 | BI8: -5.607 | BJ8: 0 | BK8: 0 | BL8: =_xlfn.XLOOKUP(BA8,$B$3:$B$46,$G$3:$G$46) -> C1P | BM8: =_xlfn.XLOOKUP(BB8,$B$3:$B$46,$G$3:$G$46) -> O1P | BN8: =_xlfn.XLOOKUP(BC8,$B$3:$B$46,$G$3:$G$46) -> C1P | BO8: =_xlfn.XLOOKUP(BD8,$B$3:$B$46,$G$3:$G$46) -> C1P
A9: Step9-10: Same as Steps 5 and 6 | B9: 7 | C9: 0.066 | D9: 3.5 | E9: 7 | F9: 12.011 | G9: C1P | Q9: 8 | R9: 7 | S9: 1 | T9: 0.141 | U9: 267776 | V9: =_xlfn.XLOOKUP(Q9,$B$3:$B$46,$G$3:$G$46) -> O1P | W9: =_xlfn.XLOOKUP(R9,$B$3:$B$46,$G$3:$G$46) -> C1P | AG9: 7 | AH9: 8 | AI9: 9 | AJ9: 1 | AK9: 109.5 | AL9: 502.08 | AM9: =_xlfn.XLOOKUP(AG9,$B$3:$B$46,$G$3:$G$46) -> C1P | AN9: =_xlfn.XLOOKUP(AH9,$B$3:$B$46,$G$3:$G$46) -> O1P | AO9: =_xlfn.XLOOKUP(AI9,$B$3:$B$46,$G$3:$G$46) -> C1P | BA9: 6 | BB9: 5 | BC9: 4 | BD9: 3 | BE9: 3 | BF9: 1.715 | BG9: 2.845 | BH9: 1.046 | BI9: -5.607 | BJ9: 0 | BK9: 0 | BL9: =_xlfn.XLOOKUP(BA9,$B$3:$B$46,$G$3:$G$46) -> C1P | BM9: =_xlfn.XLOOKUP(BB9,$B$3:$B$46,$G$3:$G$46) -> O1P | BN9: =_xlfn.XLOOKUP(BC9,$B$3:$B$46,$G$3:$G$46) -> C1P | BO9: =_xlfn.XLOOKUP(BD9,$B$3:$B$46,$G$3:$G$46) -> C1P
A10: Do Steps 7 - 10 for angles and dihedrals | B10: 8 | C10: 0.14 | D10: 2.9 | E10: 8 | F10: 15.999 | G10: O1P | Q10: 9 | R10: 8 | S10: 1 | T10: 0.141 | U10: 267776 | V10: =_xlfn.XLOOKUP(Q10,$B$3:$B$46,$G$3:$G$46) -> C1P | W10: =_xlfn.XLOOKUP(R10,$B$3:$B$46,$G$3:$G$46) -> O1P | AG10: 8 | AH10: 9 | AI10: 10 | AJ10: 1 | AK10: 109.5 | AL10: 418.4 | AM10: =_xlfn.XLOOKUP(AG10,$B$3:$B$46,$G$3:$G$46) -> O1P | AN10: =_xlfn.XLOOKUP(AH10,$B$3:$B$46,$G$3:$G$46) -> C1P | AO10: =_xlfn.XLOOKUP(AI10,$B$3:$B$46,$G$3:$G$46) -> C1P | BA10: 12 | BB10: 11 | BC10: 10 | BD10: 9 | BE10: 3 | BF10: 1.715 | BG10: 2.845 | BH10: 1.046 | BI10: -5.607 | BJ10: 0 | BK10: 0 | BL10: =_xlfn.XLOOKUP(BA10,$B$3:$B$46,$G$3:$G$46) -> C1P | BM10: =_xlfn.XLOOKUP(BB10,$B$3:$B$46,$G$3:$G$46) -> O1P | BN10: =_xlfn.XLOOKUP(BC10,$B$3:$B$46,$G$3:$G$46) -> C1P | BO10: =_xlfn.XLOOKUP(BD10,$B$3:$B$46,$G$3:$G$46) -> C1P
B11: 9 | C11: 0.066 | D11: 3.5 | E11: 9 | F11: 12.011 | G11: C1P | Q11: 10 | R11: 9 | S11: 1 | T11: 0.1529 | U11: 224262.4 | V11: =_xlfn.XLOOKUP(Q11,$B$3:$B$46,$G$3:$G$46) -> C1P | W11: =_xlfn.XLOOKUP(R11,$B$3:$B$46,$G$3:$G$46) -> C1P | AG11: 9 | AH11: 10 | AI11: 11 | AJ11: 1 | AK11: 109.5 | AL11: 418.4 | AM11: =_xlfn.XLOOKUP(AG11,$B$3:$B$46,$G$3:$G$46) -> C1P | AN11: =_xlfn.XLOOKUP(AH11,$B$3:$B$46,$G$3:$G$46) -> C1P | AO11: =_xlfn.XLOOKUP(AI11,$B$3:$B$46,$G$3:$G$46) -> O1P | BA11: 15 | BB11: 14 | BC11: 13 | BD11: 12 | BE11: 3 | BF11: 1.715 | BG11: 2.845 | BH11: 1.046 | BI11: -5.607 | BJ11: 0 | BK11: 0 | BL11: =_xlfn.XLOOKUP(BA11,$B$3:$B$46,$G$3:$G$46) -> C1P | BM11: =_xlfn.XLOOKUP(BB11,$B$3:$B$46,$G$3:$G$46) -> O1P | BN11: =_xlfn.XLOOKUP(BC11,$B$3:$B$46,$G$3:$G$46) -> C1P | BO11: =_xlfn.XLOOKUP(BD11,$B$3:$B$46,$G$3:$G$46) -> C1P
B12: 10 | C12: 0.066 | D12: 3.5 | E12: 10 | F12: 12.011 | G12: C1P | Q12: 11 | R12: 10 | S12: 1 | T12: 0.141 | U12: 267776 | V12: =_xlfn.XLOOKUP(Q12,$B$3:$B$46,$G$3:$G$46) -> O1P | W12: =_xlfn.XLOOKUP(R12,$B$3:$B$46,$G$3:$G$46) -> C1P | AG12: 10 | AH12: 11 | AI12: 12 | AJ12: 1 | AK12: 109.5 | AL12: 502.08 | AM12: =_xlfn.XLOOKUP(AG12,$B$3:$B$46,$G$3:$G$46) -> C1P | AN12: =_xlfn.XLOOKUP(AH12,$B$3:$B$46,$G$3:$G$46) -> O1P | AO12: =_xlfn.XLOOKUP(AI12,$B$3:$B$46,$G$3:$G$46) -> C1P | BA12: 18 | BB12: 17 | BC12: 16 | BD12: 15 | BE12: 3 | BF12: 1.715 | BG12: 2.845 | BH12: 1.046 | BI12: -5.607 | BJ12: 0 | BK12: 0 | BL12: =_xlfn.XLOOKUP(BA12,$B$3:$B$46,$G$3:$G$46) -> C1P | BM12: =_xlfn.XLOOKUP(BB12,$B$3:$B$46,$G$3:$G$46) -> O1P | BN12: =_xlfn.XLOOKUP(BC12,$B$3:$B$46,$G$3:$G$46) -> C1P | BO12: =_xlfn.XLOOKUP(BD12,$B$3:$B$46,$G$3:$G$46) -> C1P
B13: 11 | C13: 0.14 | D13: 2.9 | E13: 11 | F13: 15.999 | G13: O1P | Q13: 12 | R13: 11 | S13: 1 | T13: 0.141 | U13: 267776 | V13: =_xlfn.XLOOKUP(Q13,$B$3:$B$46,$G$3:$G$46) -> C1P | W13: =_xlfn.XLOOKUP(R13,$B$3:$B$46,$G$3:$G$46) -> O1P | AG13: 11 | AH13: 12 | AI13: 13 | AJ13: 1 | AK13: 109.5 | AL13: 418.4 | AM13: =_xlfn.XLOOKUP(AG13,$B$3:$B$46,$G$3:$G$46) -> O1P | AN13: =_xlfn.XLOOKUP(AH13,$B$3:$B$46,$G$3:$G$46) -> C1P | AO13: =_xlfn.XLOOKUP(AI13,$B$3:$B$46,$G$3:$G$46) -> C1P | BA13: 24 | BB13: 4 | BC13: 3 | BD13: 23 | BE13: 3 | BF13: 0.628 | BG13: 1.883 | BH13: 0 | BI13: -2.51 | BJ13: 0 | BK13: 0 | BL13: =_xlfn.XLOOKUP(BA13,$B$3:$B$46,$G$3:$G$46) -> HP | BM13: =_xlfn.XLOOKUP(BB13,$B$3:$B$46,$G$3:$G$46) -> C1P | BN13: =_xlfn.XLOOKUP(BC13,$B$3:$B$46,$G$3:$G$46) -> C1P | BO13: =_xlfn.XLOOKUP(BD13,$B$3:$B$46,$G$3:$G$46) -> HP
B14: 12 | C14: 0.066 | D14: 3.5 | E14: 12 | F14: 12.011 | G14: C1P | Q14: 13 | R14: 12 | S14: 1 | T14: 0.1529 | U14: 224262.4 | V14: =_xlfn.XLOOKUP(Q14,$B$3:$B$46,$G$3:$G$46) -> C1P | W14: =_xlfn.XLOOKUP(R14,$B$3:$B$46,$G$3:$G$46) -> C1P | AG14: 12 | AH14: 13 | AI14: 14 | AJ14: 1 | AK14: 109.5 | AL14: 418.4 | AM14: =_xlfn.XLOOKUP(AG14,$B$3:$B$46,$G$3:$G$46) -> C1P | AN14: =_xlfn.XLOOKUP(AH14,$B$3:$B$46,$G$3:$G$46) -> C1P | AO14: =_xlfn.XLOOKUP(AI14,$B$3:$B$46,$G$3:$G$46) -> O1P | BA14: 33 | BB14: 10 | BC14: 9 | BD14: 30 | BE14: 3 | BF14: 0.628 | BG14: 1.883 | BH14: 0 | BI14: -2.51 | BJ14: 0 | BK14: 0 | BL14: =_xlfn.XLOOKUP(BA14,$B$3:$B$46,$G$3:$G$46) -> HP | BM14: =_xlfn.XLOOKUP(BB14,$B$3:$B$46,$G$3:$G$46) -> C1P | BN14: =_xlfn.XLOOKUP(BC14,$B$3:$B$46,$G$3:$G$46) -> C1P | BO14: =_xlfn.XLOOKUP(BD14,$B$3:$B$46,$G$3:$G$46) -> HP
A15: Note: A 6 monomer PEO is used for LigPargen | B15: 13 | C15: 0.066 | D15: 3.5 | E15: 13 | F15: 12.011 | G15: C1P | Q15: 14 | R15: 13 | S15: 1 | T15: 0.141 | U15: 267776 | V15: =_xlfn.XLOOKUP(Q15,$B$3:$B$46,$G$3:$G$46) -> O1P | W15: =_xlfn.XLOOKUP(R15,$B$3:$B$46,$G$3:$G$46) -> C1P | AG15: 13 | AH15: 14 | AI15: 15 | AJ15: 1 | AK15: 109.5 | AL15: 502.08 | AM15: =_xlfn.XLOOKUP(AG15,$B$3:$B$46,$G$3:$G$46) -> C1P | AN15: =_xlfn.XLOOKUP(AH15,$B$3:$B$46,$G$3:$G$46) -> O1P | AO15: =_xlfn.XLOOKUP(AI15,$B$3:$B$46,$G$3:$G$46) -> C1P | BA15: 33 | BB15: 10 | BC15: 9 | BD15: 31 | BE15: 3 | BF15: 0.628 | BG15: 1.883 | BH15: 0 | BI15: -2.51 | BJ15: 0 | BK15: 0 | BL15: =_xlfn.XLOOKUP(BA15,$B$3:$B$46,$G$3:$G$46) -> HP | BM15: =_xlfn.XLOOKUP(BB15,$B$3:$B$46,$G$3:$G$46) -> C1P | BN15: =_xlfn.XLOOKUP(BC15,$B$3:$B$46,$G$3:$G$46) -> C1P | BO15: =_xlfn.XLOOKUP(BD15,$B$3:$B$46,$G$3:$G$46) -> HP
B16: 14 | C16: 0.14 | D16: 2.9 | E16: 14 | F16: 15.999 | G16: O1P | Q16: 15 | R16: 14 | S16: 1 | T16: 0.141 | U16: 267776 | V16: =_xlfn.XLOOKUP(Q16,$B$3:$B$46,$G$3:$G$46) -> C1P | W16: =_xlfn.XLOOKUP(R16,$B$3:$B$46,$G$3:$G$46) -> O1P | AG16: 14 | AH16: 15 | AI16: 16 | AJ16: 1 | AK16: 109.5 | AL16: 418.4 | AM16: =_xlfn.XLOOKUP(AG16,$B$3:$B$46,$G$3:$G$46) -> O1P | AN16: =_xlfn.XLOOKUP(AH16,$B$3:$B$46,$G$3:$G$46) -> C1P | AO16: =_xlfn.XLOOKUP(AI16,$B$3:$B$46,$G$3:$G$46) -> C1P | BA16: 37 | BB16: 13 | BC16: 12 | BD16: 34 | BE16: 3 | BF16: 0.628 | BG16: 1.883 | BH16: 0 | BI16: -2.51 | BJ16: 0 | BK16: 0 | BL16: =_xlfn.XLOOKUP(BA16,$B$3:$B$46,$G$3:$G$46) -> HP | BM16: =_xlfn.XLOOKUP(BB16,$B$3:$B$46,$G$3:$G$46) -> C1P | BN16: =_xlfn.XLOOKUP(BC16,$B$3:$B$46,$G$3:$G$46) -> C1P | BO16: =_xlfn.XLOOKUP(BD16,$B$3:$B$46,$G$3:$G$46) -> HP
B17: 15 | C17: 0.066 | D17: 3.5 | E17: 15 | F17: 12.011 | G17: C1P | Q17: 16 | R17: 15 | S17: 1 | T17: 0.1529 | U17: 224262.4 | V17: =_xlfn.XLOOKUP(Q17,$B$3:$B$46,$G$3:$G$46) -> C1P | W17: =_xlfn.XLOOKUP(R17,$B$3:$B$46,$G$3:$G$46) -> C1P | AG17: 15 | AH17: 16 | AI17: 17 | AJ17: 1 | AK17: 109.5 | AL17: 418.4 | AM17: =_xlfn.XLOOKUP(AG17,$B$3:$B$46,$G$3:$G$46) -> C1P | AN17: =_xlfn.XLOOKUP(AH17,$B$3:$B$46,$G$3:$G$46) -> C1P | AO17: =_xlfn.XLOOKUP(AI17,$B$3:$B$46,$G$3:$G$46) -> O1P | BA17: 25 | BB17: 4 | BC17: 3 | BD17: 22 | BE17: 3 | BF17: 0.628 | BG17: 1.883 | BH17: 0 | BI17: -2.51 | BJ17: 0 | BK17: 0 | BL17: =_xlfn.XLOOKUP(BA17,$B$3:$B$46,$G$3:$G$46) -> HP | BM17: =_xlfn.XLOOKUP(BB17,$B$3:$B$46,$G$3:$G$46) -> C1P | BN17: =_xlfn.XLOOKUP(BC17,$B$3:$B$46,$G$3:$G$46) -> C1P | BO17: =_xlfn.XLOOKUP(BD17,$B$3:$B$46,$G$3:$G$46) -> HP
B18: 16 | C18: 0.066 | D18: 3.5 | E18: 16 | F18: 12.011 | G18: C1P | Q18: 17 | R18: 16 | S18: 1 | T18: 0.141 | U18: 267776 | V18: =_xlfn.XLOOKUP(Q18,$B$3:$B$46,$G$3:$G$46) -> O1P | W18: =_xlfn.XLOOKUP(R18,$B$3:$B$46,$G$3:$G$46) -> C1P | AG18: 16 | AH18: 17 | AI18: 18 | AJ18: 1 | AK18: 109.5 | AL18: 502.08 | AM18: =_xlfn.XLOOKUP(AG18,$B$3:$B$46,$G$3:$G$46) -> C1P | AN18: =_xlfn.XLOOKUP(AH18,$B$3:$B$46,$G$3:$G$46) -> O1P | AO18: =_xlfn.XLOOKUP(AI18,$B$3:$B$46,$G$3:$G$46) -> C1P | BA18: 41 | BB18: 16 | BC18: 15 | BD18: 39 | BE18: 3 | BF18: 0.628 | BG18: 1.883 | BH18: 0 | BI18: -2.51 | BJ18: 0 | BK18: 0 | BL18: =_xlfn.XLOOKUP(BA18,$B$3:$B$46,$G$3:$G$46) -> HP | BM18: =_xlfn.XLOOKUP(BB18,$B$3:$B$46,$G$3:$G$46) -> C1P | BN18: =_xlfn.XLOOKUP(BC18,$B$3:$B$46,$G$3:$G$46) -> C1P | BO18: =_xlfn.XLOOKUP(BD18,$B$3:$B$46,$G$3:$G$46) -> HP
B19: 17 | C19: 0.14 | D19: 2.9 | E19: 17 | F19: 15.999 | G19: O1P | Q19: 18 | R19: 17 | S19: 1 | T19: 0.141 | U19: 267776 | V19: =_xlfn.XLOOKUP(Q19,$B$3:$B$46,$G$3:$G$46) -> C1P | W19: =_xlfn.XLOOKUP(R19,$B$3:$B$46,$G$3:$G$46) -> O1P | AG19: 2 | AH19: 1 | AI19: 19 | AJ19: 1 | AK19: 109.5 | AL19: 292.88 | AM19: =_xlfn.XLOOKUP(AG19,$B$3:$B$46,$G$3:$G$46) -> O1P | AN19: =_xlfn.XLOOKUP(AH19,$B$3:$B$46,$G$3:$G$46) -> C1P | AO19: =_xlfn.XLOOKUP(AI19,$B$3:$B$46,$G$3:$G$46) -> HP | BA19: 37 | BB19: 13 | BC19: 12 | BD19: 35 | BE19: 3 | BF19: 0.628 | BG19: 1.883 | BH19: 0 | BI19: -2.51 | BJ19: 0 | BK19: 0 | BL19: =_xlfn.XLOOKUP(BA19,$B$3:$B$46,$G$3:$G$46) -> HP | BM19: =_xlfn.XLOOKUP(BB19,$B$3:$B$46,$G$3:$G$46) -> C1P | BN19: =_xlfn.XLOOKUP(BC19,$B$3:$B$46,$G$3:$G$46) -> C1P | BO19: =_xlfn.XLOOKUP(BD19,$B$3:$B$46,$G$3:$G$46) -> HP
B20: 18 | C20: 0.066 | D20: 3.5 | E20: 18 | F20: 12.011 | G20: C1P | Q20: 19 | R20: 1 | S20: 1 | T20: 0.109 | U20: 284512 | V20: =_xlfn.XLOOKUP(Q20,$B$3:$B$46,$G$3:$G$46) -> HP | W20: =_xlfn.XLOOKUP(R20,$B$3:$B$46,$G$3:$G$46) -> C1P | AG20: 2 | AH20: 1 | AI20: 20 | AJ20: 1 | AK20: 109.5 | AL20: 292.88 | AM20: =_xlfn.XLOOKUP(AG20,$B$3:$B$46,$G$3:$G$46) -> O1P | AN20: =_xlfn.XLOOKUP(AH20,$B$3:$B$46,$G$3:$G$46) -> C1P | AO20: =_xlfn.XLOOKUP(AI20,$B$3:$B$46,$G$3:$G$46) -> HP | BA20: 32 | BB20: 10 | BC20: 9 | BD20: 31 | BE20: 3 | BF20: 0.628 | BG20: 1.883 | BH20: 0 | BI20: -2.51 | BJ20: 0 | BK20: 0 | BL20: =_xlfn.XLOOKUP(BA20,$B$3:$B$46,$G$3:$G$46) -> HP | BM20: =_xlfn.XLOOKUP(BB20,$B$3:$B$46,$G$3:$G$46) -> C1P | BN20: =_xlfn.XLOOKUP(BC20,$B$3:$B$46,$G$3:$G$46) -> C1P | BO20: =_xlfn.XLOOKUP(BD20,$B$3:$B$46,$G$3:$G$46) -> HP
B21: 19 | C21: 0.03 | D21: 2.5 | E21: 19 | F21: 1.008 | G21: HP | Q21: 20 | R21: 1 | S21: 1 | T21: 0.109 | U21: 284512 | V21: =_xlfn.XLOOKUP(Q21,$B$3:$B$46,$G$3:$G$46) -> HP | W21: =_xlfn.XLOOKUP(R21,$B$3:$B$46,$G$3:$G$46) -> C1P | AG21: 2 | AH21: 1 | AI21: 21 | AJ21: 1 | AK21: 109.5 | AL21: 292.88 | AM21: =_xlfn.XLOOKUP(AG21,$B$3:$B$46,$G$3:$G$46) -> O1P | AN21: =_xlfn.XLOOKUP(AH21,$B$3:$B$46,$G$3:$G$46) -> C1P | AO21: =_xlfn.XLOOKUP(AI21,$B$3:$B$46,$G$3:$G$46) -> HP | BA21: 28 | BB21: 7 | BC21: 6 | BD21: 26 | BE21: 3 | BF21: 0.628 | BG21: 1.883 | BH21: 0 | BI21: -2.51 | BJ21: 0 | BK21: 0 | BL21: =_xlfn.XLOOKUP(BA21,$B$3:$B$46,$G$3:$G$46) -> HP | BM21: =_xlfn.XLOOKUP(BB21,$B$3:$B$46,$G$3:$G$46) -> C1P | BN21: =_xlfn.XLOOKUP(BC21,$B$3:$B$46,$G$3:$G$46) -> C1P | BO21: =_xlfn.XLOOKUP(BD21,$B$3:$B$46,$G$3:$G$46) -> HP
B22: 20 | C22: 0.03 | D22: 2.5 | E22: 20 | F22: 1.008 | G22: HP | Q22: 21 | R22: 1 | S22: 1 | T22: 0.109 | U22: 284512 | V22: =_xlfn.XLOOKUP(Q22,$B$3:$B$46,$G$3:$G$46) -> HP | W22: =_xlfn.XLOOKUP(R22,$B$3:$B$46,$G$3:$G$46) -> C1P | AG22: 2 | AH22: 3 | AI22: 22 | AJ22: 1 | AK22: 109.5 | AL22: 292.88 | AM22: =_xlfn.XLOOKUP(AG22,$B$3:$B$46,$G$3:$G$46) -> O1P | AN22: =_xlfn.XLOOKUP(AH22,$B$3:$B$46,$G$3:$G$46) -> C1P | AO22: =_xlfn.XLOOKUP(AI22,$B$3:$B$46,$G$3:$G$46) -> HP | BA22: 41 | BB22: 16 | BC22: 15 | BD22: 38 | BE22: 3 | BF22: 0.628 | BG22: 1.883 | BH22: 0 | BI22: -2.51 | BJ22: 0 | BK22: 0 | BL22: =_xlfn.XLOOKUP(BA22,$B$3:$B$46,$G$3:$G$46) -> HP | BM22: =_xlfn.XLOOKUP(BB22,$B$3:$B$46,$G$3:$G$46) -> C1P | BN22: =_xlfn.XLOOKUP(BC22,$B$3:$B$46,$G$3:$G$46) -> C1P | BO22: =_xlfn.XLOOKUP(BD22,$B$3:$B$46,$G$3:$G$46) -> HP
B23: 21 | C23: 0.03 | D23: 2.5 | E23: 21 | F23: 1.008 | G23: HP | Q23: 22 | R23: 3 | S23: 1 | T23: 0.109 | U23: 284512 | V23: =_xlfn.XLOOKUP(Q23,$B$3:$B$46,$G$3:$G$46) -> HP | W23: =_xlfn.XLOOKUP(R23,$B$3:$B$46,$G$3:$G$46) -> C1P | AG23: 2 | AH23: 3 | AI23: 23 | AJ23: 1 | AK23: 109.5 | AL23: 292.88 | AM23: =_xlfn.XLOOKUP(AG23,$B$3:$B$46,$G$3:$G$46) -> O1P | AN23: =_xlfn.XLOOKUP(AH23,$B$3:$B$46,$G$3:$G$46) -> C1P | AO23: =_xlfn.XLOOKUP(AI23,$B$3:$B$46,$G$3:$G$46) -> HP | BA23: 40 | BB23: 16 | BC23: 15 | BD23: 39 | BE23: 3 | BF23: 0.628 | BG23: 1.883 | BH23: 0 | BI23: -2.51 | BJ23: 0 | BK23: 0 | BL23: =_xlfn.XLOOKUP(BA23,$B$3:$B$46,$G$3:$G$46) -> HP | BM23: =_xlfn.XLOOKUP(BB23,$B$3:$B$46,$G$3:$G$46) -> C1P | BN23: =_xlfn.XLOOKUP(BC23,$B$3:$B$46,$G$3:$G$46) -> C1P | BO23: =_xlfn.XLOOKUP(BD23,$B$3:$B$46,$G$3:$G$46) -> HP
B24: 22 | C24: 0.03 | D24: 2.5 | E24: 22 | F24: 1.008 | G24: HP | Q24: 23 | R24: 3 | S24: 1 | T24: 0.109 | U24: 284512 | V24: =_xlfn.XLOOKUP(Q24,$B$3:$B$46,$G$3:$G$46) -> HP | W24: =_xlfn.XLOOKUP(R24,$B$3:$B$46,$G$3:$G$46) -> C1P | AG24: 3 | AH24: 4 | AI24: 24 | AJ24: 1 | AK24: 110.7 | AL24: 313.8 | AM24: =_xlfn.XLOOKUP(AG24,$B$3:$B$46,$G$3:$G$46) -> C1P | AN24: =_xlfn.XLOOKUP(AH24,$B$3:$B$46,$G$3:$G$46) -> C1P | AO24: =_xlfn.XLOOKUP(AI24,$B$3:$B$46,$G$3:$G$46) -> HP | BA24: 36 | BB24: 13 | BC24: 12 | BD24: 34 | BE24: 3 | BF24: 0.628 | BG24: 1.883 | BH24: 0 | BI24: -2.51 | BJ24: 0 | BK24: 0 | BL24: =_xlfn.XLOOKUP(BA24,$B$3:$B$46,$G$3:$G$46) -> HP | BM24: =_xlfn.XLOOKUP(BB24,$B$3:$B$46,$G$3:$G$46) -> C1P | BN24: =_xlfn.XLOOKUP(BC24,$B$3:$B$46,$G$3:$G$46) -> C1P | BO24: =_xlfn.XLOOKUP(BD24,$B$3:$B$46,$G$3:$G$46) -> HP
B25: 23 | C25: 0.03 | D25: 2.5 | E25: 23 | F25: 1.008 | G25: HP | Q25: 24 | R25: 4 | S25: 1 | T25: 0.109 | U25: 284512 | V25: =_xlfn.XLOOKUP(Q25,$B$3:$B$46,$G$3:$G$46) -> HP | W25: =_xlfn.XLOOKUP(R25,$B$3:$B$46,$G$3:$G$46) -> C1P | AG25: 3 | AH25: 4 | AI25: 25 | AJ25: 1 | AK25: 110.7 | AL25: 313.8 | AM25: =_xlfn.XLOOKUP(AG25,$B$3:$B$46,$G$3:$G$46) -> C1P | AN25: =_xlfn.XLOOKUP(AH25,$B$3:$B$46,$G$3:$G$46) -> C1P | AO25: =_xlfn.XLOOKUP(AI25,$B$3:$B$46,$G$3:$G$46) -> HP | BA25: 29 | BB25: 7 | BC25: 6 | BD25: 26 | BE25: 3 | BF25: 0.628 | BG25: 1.883 | BH25: 0 | BI25: -2.51 | BJ25: 0 | BK25: 0 | BL25: =_xlfn.XLOOKUP(BA25,$B$3:$B$46,$G$3:$G$46) -> HP | BM25: =_xlfn.XLOOKUP(BB25,$B$3:$B$46,$G$3:$G$46) -> C1P | BN25: =_xlfn.XLOOKUP(BC25,$B$3:$B$46,$G$3:$G$46) -> C1P | BO25: =_xlfn.XLOOKUP(BD25,$B$3:$B$46,$G$3:$G$46) -> HP
B26: 24 | C26: 0.03 | D26: 2.5 | E26: 24 | F26: 1.008 | G26: HP | Q26: 25 | R26: 4 | S26: 1 | T26: 0.109 | U26: 284512 | V26: =_xlfn.XLOOKUP(Q26,$B$3:$B$46,$G$3:$G$46) -> HP | W26: =_xlfn.XLOOKUP(R26,$B$3:$B$46,$G$3:$G$46) -> C1P | AG26: 5 | AH26: 6 | AI26: 26 | AJ26: 1 | AK26: 109.5 | AL26: 292.88 | AM26: =_xlfn.XLOOKUP(AG26,$B$3:$B$46,$G$3:$G$46) -> O1P | AN26: =_xlfn.XLOOKUP(AH26,$B$3:$B$46,$G$3:$G$46) -> C1P | AO26: =_xlfn.XLOOKUP(AI26,$B$3:$B$46,$G$3:$G$46) -> HP | BA26: 28 | BB26: 7 | BC26: 6 | BD26: 27 | BE26: 3 | BF26: 0.628 | BG26: 1.883 | BH26: 0 | BI26: -2.51 | BJ26: 0 | BK26: 0 | BL26: =_xlfn.XLOOKUP(BA26,$B$3:$B$46,$G$3:$G$46) -> HP | BM26: =_xlfn.XLOOKUP(BB26,$B$3:$B$46,$G$3:$G$46) -> C1P | BN26: =_xlfn.XLOOKUP(BC26,$B$3:$B$46,$G$3:$G$46) -> C1P | BO26: =_xlfn.XLOOKUP(BD26,$B$3:$B$46,$G$3:$G$46) -> HP
B27: 25 | C27: 0.03 | D27: 2.5 | E27: 25 | F27: 1.008 | G27: HP | Q27: 26 | R27: 6 | S27: 1 | T27: 0.109 | U27: 284512 | V27: =_xlfn.XLOOKUP(Q27,$B$3:$B$46,$G$3:$G$46) -> HP | W27: =_xlfn.XLOOKUP(R27,$B$3:$B$46,$G$3:$G$46) -> C1P | AG27: 5 | AH27: 6 | AI27: 27 | AJ27: 1 | AK27: 109.5 | AL27: 292.88 | AM27: =_xlfn.XLOOKUP(AG27,$B$3:$B$46,$G$3:$G$46) -> O1P | AN27: =_xlfn.XLOOKUP(AH27,$B$3:$B$46,$G$3:$G$46) -> C1P | AO27: =_xlfn.XLOOKUP(AI27,$B$3:$B$46,$G$3:$G$46) -> HP | BA27: 36 | BB27: 13 | BC27: 12 | BD27: 35 | BE27: 3 | BF27: 0.628 | BG27: 1.883 | BH27: 0 | BI27: -2.51 | BJ27: 0 | BK27: 0 | BL27: =_xlfn.XLOOKUP(BA27,$B$3:$B$46,$G$3:$G$46) -> HP | BM27: =_xlfn.XLOOKUP(BB27,$B$3:$B$46,$G$3:$G$46) -> C1P | BN27: =_xlfn.XLOOKUP(BC27,$B$3:$B$46,$G$3:$G$46) -> C1P | BO27: =_xlfn.XLOOKUP(BD27,$B$3:$B$46,$G$3:$G$46) -> HP
... B45: 43 | C45: 0.03 | D45: 2.5 | E45: 43 | F45: 1.008 | G45: HP | Q45: 44 | R45: 18 | S45: 1 | T45: 0.109 | U45: 284512 | V45: =_xlfn.XLOOKUP(Q45,$B$3:$B$46,$G$3:$G$46) -> HP | W45: =_xlfn.XLOOKUP(R45,$B$3:$B$46,$G$3:$G$46) -> C1P | AG45: 42 | AH45: 18 | AI45: 44 | AJ45: 1 | AK45: 107.8 | AL45: 276.144 | AM45: =_xlfn.XLOOKUP(AG45,$B$3:$B$46,$G$3:$G$46) -> HP | AN45: =_xlfn.XLOOKUP(AH45,$B$3:$B$46,$G$3:$G$46) -> C1P | AO45: =_xlfn.XLOOKUP(AI45,$B$3:$B$46,$G$3:$G$46) -> HP | BA45: 29 | BB45: 7 | BC45: 6 | BD45: 5 | BE45: 3 | BF45: 0.979 | BG45: 2.937 | BH45: 0 | BI45: -3.916 | BJ45: 0 | BK45: 0 | BL45: =_xlfn.XLOOKUP(BA45,$B$3:$B$46,$G$3:$G$46) -> HP | BM45: =_xlfn.XLOOKUP(BB45,$B$3:$B$46,$G$3:$G$46) -> C1P | BN45: =_xlfn.XLOOKUP(BC45,$B$3:$B$46,$G$3:$G$46) -> C1P | BO45: =_xlfn.XLOOKUP(BD45,$B$3:$B$46,$G$3:$G$46) -> O1P
B46: 44 | C46: 0.03 | D46: 2.5 | E46: 44 | F46: 1.008 | G46: HP | AG46: 11 | AH46: 10 | AI46: 33 | AJ46: 1 | AK46: 109.5 | AL46: 292.88 | AM46: =_xlfn.XLOOKUP(AG46,$B$3:$B$46,$G$3:$G$46) -> O1P | AN46: =_xlfn.XLOOKUP(AH46,$B$3:$B$46,$G$3:$G$46) -> C1P | AO46: =_xlfn.XLOOKUP(AI46,$B$3:$B$46,$G$3:$G$46) -> HP | BA46: 39 | BB46: 15 | BC46: 16 | BD46: 17 | BE46: 3 | BF46: 0.979 | BG46: 2.937 | BH46: 0 | BI46: -3.916 | BJ46: 0 | BK46: 0 | BL46: =_xlfn.XLOOKUP(BA46,$B$3:$B$46,$G$3:$G$46) -> HP | BM46: =_xlfn.XLOOKUP(BB46,$B$3:$B$46,$G$3:$G$46) -> C1P | BN46: =_xlfn.XLOOKUP(BC46,$B$3:$B$46,$G$3:$G$46) -> C1P | BO46: =_xlfn.XLOOKUP(BD46,$B$3:$B$46,$G$3:$G$46) -> O1P
AG47: 10 | AH47: 9 | AI47: 30 | AJ47: 1 | AK47: 110.7 | AL47: 313.8 | AM47: =_xlfn.XLOOKUP(AG47,$B$3:$B$46,$G$3:$G$46) -> C1P | AN47: =_xlfn.XLOOKUP(AH47,$B$3:$B$46,$G$3:$G$46) -> C1P | AO47: =_xlfn.XLOOKUP(AI47,$B$3:$B$46,$G$3:$G$46) -> HP | BA47: 36 | BB47: 13 | BC47: 12 | BD47: 11 | BE47: 3 | BF47: 0.979 | BG47: 2.937 | BH47: 0 | BI47: -3.916 | BJ47: 0 | BK47: 0 | BL47: =_xlfn.XLOOKUP(BA47,$B$3:$B$46,$G$3:$G$46) -> HP | BM47: =_xlfn.XLOOKUP(BB47,$B$3:$B$46,$G$3:$G$46) -> C1P | BN47: =_xlfn.XLOOKUP(BC47,$B$3:$B$46,$G$3:$G$46) -> C1P | BO47: =_xlfn.XLOOKUP(BD47,$B$3:$B$46,$G$3:$G$46) -> O1P
AG48: 17 | AH48: 16 | AI48: 40 | AJ48: 1 | AK48: 109.5 | AL48: 292.88 | AM48: =_xlfn.XLOOKUP(AG48,$B$3:$B$46,$G$3:$G$46) -> O1P | AN48: =_xlfn.XLOOKUP(AH48,$B$3:$B$46,$G$3:$G$46) -> C1P | AO48: =_xlfn.XLOOKUP(AI48,$B$3:$B$46,$G$3:$G$46) -> HP | BA48: 24 | BB48: 4 | BC48: 3 | BD48: 2 | BE48: 3 | BF48: 0.979 | BG48: 2.937 | BH48: 0 | BI48: -3.916 | BJ48: 0 | BK48: 0 | BL48: =_xlfn.XLOOKUP(BA48,$B$3:$B$46,$G$3:$G$46) -> HP | BM48: =_xlfn.XLOOKUP(BB48,$B$3:$B$46,$G$3:$G$46) -> C1P | BN48: =_xlfn.XLOOKUP(BC48,$B$3:$B$46,$G$3:$G$46) -> C1P | BO48: =_xlfn.XLOOKUP(BD48,$B$3:$B$46,$G$3:$G$46) -> O1P
AG49: 17 | AH49: 16 | AI49: 41 | AJ49: 1 | AK49: 109.5 | AL49: 292.88 | AM49: =_xlfn.XLOOKUP(AG49,$B$3:$B$46,$G$3:$G$46) -> O1P | AN49: =_xlfn.XLOOKUP(AH49,$B$3:$B$46,$G$3:$G$46) -> C1P | AO49: =_xlfn.XLOOKUP(AI49,$B$3:$B$46,$G$3:$G$46) -> HP | BA49: 40 | BB49: 16 | BC49: 15 | BD49: 14 | BE49: 3 | BF49: 0.979 | BG49: 2.937 | BH49: 0 | BI49: -3.916 | BJ49: 0 | BK49: 0 | BL49: =_xlfn.XLOOKUP(BA49,$B$3:$B$46,$G$3:$G$46) -> HP | BM49: =_xlfn.XLOOKUP(BB49,$B$3:$B$46,$G$3:$G$46) -> C1P | BN49: =_xlfn.XLOOKUP(BC49,$B$3:$B$46,$G$3:$G$46) -> C1P | BO49: =_xlfn.XLOOKUP(BD49,$B$3:$B$46,$G$3:$G$46) -> O1P
AG50: 20 | AH50: 1 | AI50: 21 | AJ50: 1 | AK50: 107.8 | AL50: 276.144 | AM50: =_xlfn.XLOOKUP(AG50,$B$3:$B$46,$G$3:$G$46) -> HP | AN50: =_xlfn.XLOOKUP(AH50,$B$3:$B$46,$G$3:$G$46) -> C1P | AO50: =_xlfn.XLOOKUP(AI50,$B$3:$B$46,$G$3:$G$46) -> HP | BA50: 38 | BB50: 15 | BC50: 16 | BD50: 17 | BE50: 3 | BF50: 0.979 | BG50: 2.937 | BH50: 0 | BI50: -3.916 | BJ50: 0 | BK50: 0 | BL50: =_xlfn.XLOOKUP(BA50,$B$3:$B$46,$G$3:$G$46) -> HP | BM50: =_xlfn.XLOOKUP(BB50,$B$3:$B$46,$G$3:$G$46) -> C1P | BN50: =_xlfn.XLOOKUP(BC50,$B$3:$B$46,$G$3:$G$46) -> C1P | BO50: =_xlfn.XLOOKUP(BD50,$B$3:$B$46,$G$3:$G$46) -> O1P
AG51: 14 | AH51: 13 | AI51: 37 | AJ51: 1 | AK51: 109.5 | AL51: 292.88 | AM51: =_xlfn.XLOOKUP(AG51,$B$3:$B$46,$G$3:$G$46) -> O1P | AN51: =_xlfn.XLOOKUP(AH51,$B$3:$B$46,$G$3:$G$46) -> C1P | AO51: =_xlfn.XLOOKUP(AI51,$B$3:$B$46,$G$3:$G$46) -> HP | BA51: 28 | BB51: 7 | BC51: 6 | BD51: 5 | BE51: 3 | BF51: 0.979 | BG51: 2.937 | BH51: 0 | BI51: -3.916 | BJ51: 0 | BK51: 0 | BL51: =_xlfn.XLOOKUP(BA51,$B$3:$B$46,$G$3:$G$46) -> HP | BM51: =_xlfn.XLOOKUP(BB51,$B$3:$B$46,$G$3:$G$46) -> C1P | BN51: =_xlfn.XLOOKUP(BC51,$B$3:$B$46,$G$3:$G$46) -> C1P | BO51: =_xlfn.XLOOKUP(BD51,$B$3:$B$46,$G$3:$G$46) -> O1P
AG52: 30 | AH52: 9 | AI52: 31 | AJ52: 1 | AK52: 107.8 | AL52: 276.144 | AM52: =_xlfn.XLOOKUP(AG52,$B$3:$B$46,$G$3:$G$46) -> HP | AN52: =_xlfn.XLOOKUP(AH52,$B$3:$B$46,$G$3:$G$46) -> C1P | AO52: =_xlfn.XLOOKUP(AI52,$B$3:$B$46,$G$3:$G$46) -> HP | BA52: 41 | BB52: 16 | BC52: 15 | BD52: 14 | BE52: 3 | BF52: 0.979 | BG52: 2.937 | BH52: 0 | BI52: -3.916 | BJ52: 0 | BK52: 0 | BL52: =_xlfn.XLOOKUP(BA52,$B$3:$B$46,$G$3:$G$46) -> HP | BM52: =_xlfn.XLOOKUP(BB52,$B$3:$B$46,$G$3:$G$46) -> C1P | BN52: =_xlfn.XLOOKUP(BC52,$B$3:$B$46,$G$3:$G$46) -> C1P | BO52: =_xlfn.XLOOKUP(BD52,$B$3:$B$46,$G$3:$G$46) -> O1P
AG53: 40 | AH53: 16 | AI53: 41 | AJ53: 1 | AK53: 107.8 | AL53: 276.144 | AM53: =_xlfn.XLOOKUP(AG53,$B$3:$B$46,$G$3:$G$46) -> HP | AN53: =_xlfn.XLOOKUP(AH53,$B$3:$B$46,$G$3:$G$46) -> C1P | AO53: =_xlfn.XLOOKUP(AI53,$B$3:$B$46,$G$3:$G$46) -> HP | BA53: 25 | BB53: 4 | BC53: 5 | BD53: 6 | BE53: 3 | BF53: 1.59 | BG53: 4.77 | BH53: 0 | BI53: -6.36 | BJ53: 0 | BK53: 0 | BL53: =_xlfn.XLOOKUP(BA53,$B$3:$B$46,$G$3:$G$46) -> HP | BM53: =_xlfn.XLOOKUP(BB53,$B$3:$B$46,$G$3:$G$46) -> C1P | BN53: =_xlfn.XLOOKUP(BC53,$B$3:$B$46,$G$3:$G$46) -> O1P | BO53: =_xlfn.XLOOKUP(BD53,$B$3:$B$46,$G$3:$G$46) -> C1P
AG54: 5 | AH54: 4 | AI54: 24 | AJ54: 1 | AK54: 109.5 | AL54: 292.88 | AM54: =_xlfn.XLOOKUP(AG54,$B$3:$B$46,$G$3:$G$46) -> O1P | AN54: =_xlfn.XLOOKUP(AH54,$B$3:$B$46,$G$3:$G$46) -> C1P | AO54: =_xlfn.XLOOKUP(AI54,$B$3:$B$46,$G$3:$G$46) -> HP | BA54: 39 | BB54: 15 | BC54: 14 | BD54: 13 | BE54: 3 | BF54: 1.59 | BG54: 4.77 | BH54: 0 | BI54: -6.36 | BJ54: 0 | BK54: 0 | BL54: =_xlfn.XLOOKUP(BA54,$B$3:$B$46,$G$3:$G$46) -> HP | BM54: =_xlfn.XLOOKUP(BB54,$B$3:$B$46,$G$3:$G$46) -> C1P | BN54: =_xlfn.XLOOKUP(BC54,$B$3:$B$46,$G$3:$G$46) -> O1P | BO54: =_xlfn.XLOOKUP(BD54,$B$3:$B$46,$G$3:$G$46) -> C1P
AG55: 7 | AH55: 6 | AI55: 27 | AJ55: 1 | AK55: 110.7 | AL55: 313.8 | AM55: =_xlfn.XLOOKUP(AG55,$B$3:$B$46,$G$3:$G$46) -> C1P | AN55: =_xlfn.XLOOKUP(AH55,$B$3:$B$46,$G$3:$G$46) -> C1P | AO55: =_xlfn.XLOOKUP(AI55,$B$3:$B$46,$G$3:$G$46) -> HP | BA55: 43 | BB55: 18 | BC55: 17 | BD55: 16 | BE55: 3 | BF55: 1.59 | BG55: 4.77 | BH55: 0 | BI55: -6.36 | BJ55: 0 | BK55: 0 | BL55: =_xlfn.XLOOKUP(BA55,$B$3:$B$46,$G$3:$G$46) -> HP | BM55: =_xlfn.XLOOKUP(BB55,$B$3:$B$46,$G$3:$G$46) -> C1P | BN55: =_xlfn.XLOOKUP(BC55,$B$3:$B$46,$G$3:$G$46) -> O1P | BO55: =_xlfn.XLOOKUP(BD55,$B$3:$B$46,$G$3:$G$46) -> C1P
AG56: 4 | AH56: 3 | AI56: 23 | AJ56: 1 | AK56: 110.7 | AL56: 313.8 | AM56: =_xlfn.XLOOKUP(AG56,$B$3:$B$46,$G$3:$G$46) -> C1P | AN56: =_xlfn.XLOOKUP(AH56,$B$3:$B$46,$G$3:$G$46) -> C1P | AO56: =_xlfn.XLOOKUP(AI56,$B$3:$B$46,$G$3:$G$46) -> HP | BA56: 36 | BB56: 13 | BC56: 14 | BD56: 15 | BE56: 3 | BF56: 1.59 | BG56: 4.77 | BH56: 0 | BI56: -6.36 | BJ56: 0 | BK56: 0 | BL56: =_xlfn.XLOOKUP(BA56,$B$3:$B$46,$G$3:$G$46) -> HP | BM56: =_xlfn.XLOOKUP(BB56,$B$3:$B$46,$G$3:$G$46) -> C1P | BN56: =_xlfn.XLOOKUP(BC56,$B$3:$B$46,$G$3:$G$46) -> O1P | BO56: =_xlfn.XLOOKUP(BD56,$B$3:$B$46,$G$3:$G$46) -> C1P
AG57: 32 | AH57: 10 | AI57: 33 | AJ57: 1 | AK57: 107.8 | AL57: 276.144 | AM57: =_xlfn.XLOOKUP(AG57,$B$3:$B$46,$G$3:$G$46) -> HP | AN57: =_xlfn.XLOOKUP(AH57,$B$3:$B$46,$G$3:$G$46) -> C1P | AO57: =_xlfn.XLOOKUP(AI57,$B$3:$B$46,$G$3:$G$46) -> HP | BA57: 44 | BB57: 18 | BC57: 17 | BD57: 16 | BE57: 3 | BF57: 1.59 | BG57: 4.77 | BH57: 0 | BI57: -6.36 | BJ57: 0 | BK57: 0 | BL57: =_xlfn.XLOOKUP(BA57,$B$3:$B$46,$G$3:$G$46) -> HP | BM57: =_xlfn.XLOOKUP(BB57,$B$3:$B$46,$G$3:$G$46) -> C1P | BN57: =_xlfn.XLOOKUP(BC57,$B$3:$B$46,$G$3:$G$46) -> O1P | BO57: =_xlfn.XLOOKUP(BD57,$B$3:$B$46,$G$3:$G$46) -> C1P
AG58: 24 | AH58: 4 | AI58: 25 | AJ58: 1 | AK58: 107.8 | AL58: 276.144 | AM58: =_xlfn.XLOOKUP(AG58,$B$3:$B$46,$G$3:$G$46) -> HP | AN58: =_xlfn.XLOOKUP(AH58,$B$3:$B$46,$G$3:$G$46) -> C1P | AO58: =_xlfn.XLOOKUP(AI58,$B$3:$B$46,$G$3:$G$46) -> HP | BA58: 30 | BB58: 9 | BC58: 8 | BD58: 7 | BE58: 3 | BF58: 1.59 | BG58: 4.77 | BH58: 0 | BI58: -6.36 | BJ58: 0 | BK58: 0 | BL58: =_xlfn.XLOOKUP(BA58,$B$3:$B$46,$G$3:$G$46) -> HP | BM58: =_xlfn.XLOOKUP(BB58,$B$3:$B$46,$G$3:$G$46) -> C1P | BN58: =_xlfn.XLOOKUP(BC58,$B$3:$B$46,$G$3:$G$46) -> O1P | BO58: =_xlfn.XLOOKUP(BD58,$B$3:$B$46,$G$3:$G$46) -> C1P
... AG80: 36 | AH80: 13 | AI80: 37 | AJ80: 1 | AK80: 107.8 | AL80: 276.144 | AM80: =_xlfn.XLOOKUP(AG80,$B$3:$B$46,$G$3:$G$46) -> HP | AN80: =_xlfn.XLOOKUP(AH80,$B$3:$B$46,$G$3:$G$46) -> C1P | AO80: =_xlfn.XLOOKUP(AI80,$B$3:$B$46,$G$3:$G$46) -> HP | BA80: 8 | BB80: 7 | BC80: 6 | BD80: 5 | BE80: 3 | BF80: -1.151 | BG80: 1.151 | BH80: 0 | BI80: 0 | BJ80: 0 | BK80: 0 | BL80: =_xlfn.XLOOKUP(BA80,$B$3:$B$46,$G$3:$G$46) -> O1P | BM80: =_xlfn.XLOOKUP(BB80,$B$3:$B$46,$G$3:$G$46) -> C1P | BN80: =_xlfn.XLOOKUP(BC80,$B$3:$B$46,$G$3:$G$46) -> C1P | BO80: =_xlfn.XLOOKUP(BD80,$B$3:$B$46,$G$3:$G$46) -> O1P
BA81: 5 | BB81: 4 | BC81: 3 | BD81: 2 | BE81: 3 | BF81: -1.151 | BG81: 1.151 | BH81: 0 | BI81: 0 | BJ81: 0 | BK81: 0 | BL81: =_xlfn.XLOOKUP(BA81,$B$3:$B$46,$G$3:$G$46) -> O1P | BM81: =_xlfn.XLOOKUP(BB81,$B$3:$B$46,$G$3:$G$46) -> C1P | BN81: =_xlfn.XLOOKUP(BC81,$B$3:$B$46,$G$3:$G$46) -> C1P | BO81: =_xlfn.XLOOKUP(BD81,$B$3:$B$46,$G$3:$G$46) -> O1P
BA82: 14 | BB82: 13 | BC82: 12 | BD82: 11 | BE82: 3 | BF82: -1.151 | BG82: 1.151 | BH82: 0 | BI82: 0 | BJ82: 0 | BK82: 0 | BL82: =_xlfn.XLOOKUP(BA82,$B$3:$B$46,$G$3:$G$46) -> O1P | BM82: =_xlfn.XLOOKUP(BB82,$B$3:$B$46,$G$3:$G$46) -> C1P | BN82: =_xlfn.XLOOKUP(BC82,$B$3:$B$46,$G$3:$G$46) -> C1P | BO82: =_xlfn.XLOOKUP(BD82,$B$3:$B$46,$G$3:$G$46) -> O1P
BA83: 17 | BB83: 16 | BC83: 15 | BD83: 14 | BE83: 3 | BF83: -1.151 | BG83: 1.151 | BH83: 0 | BI83: 0 | BJ83: 0 | BK83: 0 | BL83: =_xlfn.XLOOKUP(BA83,$B$3:$B$46,$G$3:$G$46) -> O1P | BM83: =_xlfn.XLOOKUP(BB83,$B$3:$B$46,$G$3:$G$46) -> C1P | BN83: =_xlfn.XLOOKUP(BC83,$B$3:$B$46,$G$3:$G$46) -> C1P | BO83: =_xlfn.XLOOKUP(BD83,$B$3:$B$46,$G$3:$G$46) -> O1P

Sheet CO32M_LMP_GMX_UniqueMap
A1: Step1: Copy LJ params and masses from Ligpargen LMP file | B1: From LigPargen LMP file | C1: ATOM TYPES | G1: Assign types manually | I1: Select those which are unique | N1: Unique types | Q1: From LigPargen ITP file | R1: BOND TYPES | V1: Assign types manually | Y1: Select those which are unique | AG1: From LigPargen ITP file | AH1: ANGLE TYPES | AM1: Assign types manually | AQ1: Select those which are unique
A2: Step2: Order according to Lj params epsilon and sigma | B2: ID | C2: LJ epsilon | D2: LJ sigma | E2: ID | F2: mass | G2: type | I2: ID | J2: LJ epsilon | K2: Lj sigma | L2: ID | M2: mass | N2: type | Q2: ID-1 | R2: ID-2 | S2: funct | T2: r0 | U2: k | V2: type-1 | W2: type-2 | Y2: ID-1 | Z2: ID-2 | AA2: funct | AB2: r0 | AC2: k | AD2: type-1 | AE2: type-2 | AG2: ID-1 | AH2: ID-2 | AI2: ID-3 | AJ2: funct | AK2: theta_0 | AL2: k | AM2: type-1 | AN2: type-2 | AO2: type-3 | AQ2: ID-1 | AR2: ID-2 | AS2: ID-3 | AT2: funct | AU2: theta_0 | AV2: k | AW2: type-1 | AX2: type-2 | AY2: type-3
A3: Step3: Reorder sigma values | B3: 1 | C3: 0.21 | D3: 2.96 | E3: 1 | F3: 15.999 | G3: O1C | I3: 1 | J3: 0.21 | K3: 2.96 | L3: 1 | M3: 15.999 | N3: O1C | Q3: 2 | R3: 1 | S3: 1 | T3: 0.1229 | U3: 476976 | V3: =_xlfn.XLOOKUP(Q3,$B$3:$B$7,$G$3:$G$7) -> C1C | W3: =_xlfn.XLOOKUP(R3,$B$3:$B$7,$G$3:$G$7) -> O1C | Y3: 2 | Z3: 1 | AA3: 1 | AB3: 0.1229 | AC3: 476976 | AD3: =_xlfn.XLOOKUP(Y3,$B$3:$B$7,$G$3:$G$7) -> C1C | AE3: =_xlfn.XLOOKUP(Z3,$B$3:$B$7,$G$3:$G$7) -> O1C | AG3: 1 | AH3: 2 | AI3: 3 | AJ3: 1 | AK3: 121 | AL3: 669.44 | AM3: =_xlfn.XLOOKUP(AG3,$B$3:$B$7,$G$3:$G$7) -> O1C | AN3: =_xlfn.XLOOKUP(AH3,$B$3:$B$7,$G$3:$G$7) -> C1C | AO3: =_xlfn.XLOOKUP(AI3,$B$3:$B$7,$G$3:$G$7) -> O2C | AQ3: 1 | AR3: 2 | AS3: 3 | AT3: 1 | AU3: 121 | AV3: 669.44 | AW3: =_xlfn.XLOOKUP(AQ3,$B$3:$B$7,$G$3:$G$7) -> O1C | AX3: =_xlfn.XLOOKUP(AR3,$B$3:$B$7,$G$3:$G$7) -> C1C | AY3: =_xlfn.XLOOKUP(AS3,$B$3:$B$7,$G$3:$G$7) -> O2C
A4: Step4: Assign types manually (Column G) | B4: 2 | C4: 0.07 | D4: 3.55 | E4: 2 | F4: 12.011 | G4: C1C | I4: 2 | J4: 0.07 | K4: 3.55 | L4: 2 | M4: 12.011 | N4: C1C | Q4: 3 | R4: 2 | S4: 1 | T4: 0.1364 | U4: 376560 | V4: =_xlfn.XLOOKUP(Q4,$B$3:$B$7,$G$3:$G$7) -> O2C | W4: =_xlfn.XLOOKUP(R4,$B$3:$B$7,$G$3:$G$7) -> C1C | Y4: 3 | Z4: 2 | AA4: 1 | AB4: 0.1364 | AC4: 376560 | AD4: =_xlfn.XLOOKUP(Y4,$B$3:$B$7,$G$3:$G$7) -> O2C | AE4: =_xlfn.XLOOKUP(Z4,$B$3:$B$7,$G$3:$G$7) -> C1C | AG4: 1 | AH4: 2 | AI4: 4 | AJ4: 1 | AK4: 121 | AL4: 669.44 | AM4: =_xlfn.XLOOKUP(AG4,$B$3:$B$7,$G$3:$G$7) -> O1C | AN4: =_xlfn.XLOOKUP(AH4,$B$3:$B$7,$G$3:$G$7) -> C1C | AO4: =_xlfn.XLOOKUP(AI4,$B$3:$B$7,$G$3:$G$7) -> O2C | AQ4: 3 | AR4: 2 | AS4: 4 | AT4: 1 | AU4: 118.18 | AV4: 584.923 | AW4: =_xlfn.XLOOKUP(AQ4,$B$3:$B$7,$G$3:$G$7) -> O2C | AX4: =_xlfn.XLOOKUP(AR4,$B$3:$B$7,$G$3:$G$7) -> C1C | AY4: =_xlfn.XLOOKUP(AS4,$B$3:$B$7,$G$3:$G$7) -> O2C
A5: Step5: Copy cols B-G and remove duplicates | B5: 3 | C5: 0.17 | D5: 3.12 | E5: 3 | F5: 15.999 | G5: O2C | I5: 3 | J5: 0.17 | K5: 3.12 | L5: 3 | M5: 15.999 | N5: O2C | AG5: 3 | AH5: 2 | AI5: 4 | AJ5: 1 | AK5: 118.18 | AL5: 584.923 | AM5: =_xlfn.XLOOKUP(AG5,$B$3:$B$7,$G$3:$G$7) -> O2C | AN5: =_xlfn.XLOOKUP(AH5,$B$3:$B$7,$G$3:$G$7) -> C1C | AO5: =_xlfn.XLOOKUP(AI5,$B$3:$B$7,$G$3:$G$7) -> O2C
A6: Step6: CROSS CHECK (IMPORTANT) | B6: 4 | C6: 0.17 | D6: 3.12 | E6: 4 | F6: 15.999 | G6: O2C
A7: Step7: Copy Bond info from GROMACS itp
A8: Step8: Assign values based on ID on 1st and 2nd atom using type by crosschecking with Cols B and H. See the command in the column
A9: Step9-10: Same as Steps 5 and 6
A10: Do Steps 7 - 10 for angles and dihedrals
A12: Note: Used H2CO3 for LigParGen

Sheet MTFSI_LMP_GMX_UniqueMap
A1: Step1: Copy LJ params and masses from Ligpargen LMP file | B1: From LigPargen LMP file | C1: ATOM TYPES | G1: Assign types manually | I1: Select those which are unique | N1: Unique types | Q1: From LigPargen ITP file | R1: BOND TYPES | V1: Assign types manually | Y1: Select those which are unique | AG1: From LigPargen ITP file | AH1: ANGLE TYPES | AM1: Assign types manually | AQ1: Select those which are unique | BA1: From LigPargen ITP file | BB1: DIHEDRAL TYPES | BL1: Assign types manually | BQ1: Select those which are unique
A2: Step2: Order according to Lj params epsilon and sigma | B2: ID | C2: LJ epsilon | D2: LJ sigma | E2: ID | F2: mass | G2: type | I2: ID | J2: LJ epsilon | K2: Lj sigma | L2: ID | M2: mass | N2: type | Q2: ID-1 | R2: ID-2 | S2: funct | T2: r0 | U2: k | V2: type-1 | W2: type-2 | Y2: ID-1 | Z2: ID-2 | AA2: funct | AB2: r0 | AC2: k | AD2: type-1 | AE2: type-2 | AG2: ID-1 | AH2: ID-2 | AI2: ID-3 | AJ2: funct | AK2: theta_0 | AL2: k | AM2: type-1 | AN2: type-2 | AO2: type-3 | AQ2: ID-1 | AR2: ID-2 | AS2: ID-3 | AT2: funct | AU2: theta_0 | AV2: k | AW2: type-1 | AX2: type-2 | AY2: type-3 | BA2: ID-1 | BB2: ID-2 | BC2: ID-3 | BD2: ID-4 | BE2: funct | BF2: c0 | BG2: c1 | BH2: c2 | BI2: c3 | BJ2: c4 | BK2: c5 | BL2: type-1 | BM2: type-2 | BN2: type-3 | BO2: type-4 | BQ2: ID-1 | BR2: ID-2 | BS2: ID-3 | BT2: ID-4 | BU2: funct | BV2: c0 | BW2: c1 | BX2: c2 | BY2: c3 | BZ2: c4 | CA2: c5 | CB2: type-1 | CC2: type-2 | CD2: type-3 | CE2: type-4
A3: Step3: Reorder sigma values | B3: 1 | C3: 0.03 | D3: 2.5 | E3: 1 | F3: 1.008 | G3: HMT | I3: 1 | J3: 0.03 | K3: 2.5 | L3: 1 | M3: 1.008 | N3: HMT | Q3: 2 | R3: 1 | S3: 1 | T3: 0.109 | U3: 284512 | V3: =_xlfn.XLOOKUP(Q3,$B$3:$B$35,$G$3:$G$35) -> C1MT | W3: =_xlfn.XLOOKUP(R3,$B$3:$B$35,$G$3:$G$35) -> HMT | Y3: 2 | Z3: 1 | AA3: 1 | AB3: 0.109 | AC3: 284512 | AD3: =_xlfn.XLOOKUP(Y3,$B$3:$B$35,$G$3:$G$35) -> C1MT | AE3: =_xlfn.XLOOKUP(Z3,$B$3:$B$35,$G$3:$G$35) -> HMT | AG3: 1 | AH3: 2 | AI3: 3 | AJ3: 1 | AK3: 110.7 | AL3: 313.8 | AM3: =_xlfn.XLOOKUP(AG3,$B$3:$B$35,$G$3:$G$35) -> HMT | AN3: =_xlfn.XLOOKUP(AH3,$B$3:$B$35,$G$3:$G$35) -> C1MT | AO3: =_xlfn.XLOOKUP(AI3,$B$3:$B$35,$G$3:$G$35) -> C1MT | AQ3: 18 | AR3: 21 | AS3: 24 | AT3: 1 | AU3: 104.36 | AV3: 658.311 | AW3: =_xlfn.XLOOKUP(AQ3,$B$3:$B$35,$G$3:$G$35) -> C1MT | AX3: =_xlfn.XLOOKUP(AR3,$B$3:$B$35,$G$3:$G$35) -> SMT | AY3: =_xlfn.XLOOKUP(AS3,$B$3:$B$35,$G$3:$G$35) -> NMT | BA3: 7 | BB3: 3 | BC3: 2 | BD3: 5 | BE3: 3 | BF3: -0.209 | BG3: -0.628 | BH3: 0 | BI3: 0.837 | BJ3: 0 | BK3: 0 | BL3: =_xlfn.XLOOKUP(BA3,$B$3:$B$35,$G$3:$G$35) -> C2MT | BM3: =_xlfn.XLOOKUP(BB3,$B$3:$B$35,$G$3:$G$35) -> C1MT | BN3: =_xlfn.XLOOKUP(BC3,$B$3:$B$35,$G$3:$G$35) -> C1MT | BO3: =_xlfn.XLOOKUP(BD3,$B$3:$B$35,$G$3:$G$35) -> HMT | BQ3: 7 | BR3: 3 | BS3: 2 | BT3: 5 | BU3: 3 | BV3: -0.209 | BW3: -0.628 | BX3: 0 | BY3: 0.837 | BZ3: 0 | CA3: 0 | CB3: =_xlfn.XLOOKUP(BQ3,$B$3:$B$35,$G$3:$G$35) -> C2MT | CC3: =_xlfn.XLOOKUP(BR3,$B$3:$B$35,$G$3:$G$35) -> C1MT | CD3: =_xlfn.XLOOKUP(BS3,$B$3:$B$35,$G$3:$G$35) -> C1MT | CE3: =_xlfn.XLOOKUP(BT3,$B$3:$B$35,$G$3:$G$35) -> HMT
A4: Step4: Assign types manually (Column G) | B4: 4 | C4: 0.03 | D4: 2.5 | E4: 4 | F4: 1.008 | G4: HMT | I4: 31 | J4: 0.06 | K4: 2.9 | L4: 31 | M4: 18.998 | N4: FMT | Q4: 3 | R4: 2 | S4: 1 | T4: 0.1529 | U4: 224262.4 | V4: =_xlfn.XLOOKUP(Q4,$B$3:$B$35,$G$3:$G$35) -> C1MT | W4: =_xlfn.XLOOKUP(R4,$B$3:$B$35,$G$3:$G$35) -> C1MT | Y4: 13 | Z4: 7 | AA4: 1 | AB4: 0.1229 | AC4: 476976 | AD4: =_xlfn.XLOOKUP(Y4,$B$3:$B$35,$G$3:$G$35) -> O2MT | AE4: =_xlfn.XLOOKUP(Z4,$B$3:$B$35,$G$3:$G$35) -> C2MT | AG4: 1 | AH4: 2 | AI4: 4 | AJ4: 1 | AK4: 107.8 | AL4: 276.144 | AM4: =_xlfn.XLOOKUP(AG4,$B$3:$B$35,$G$3:$G$35) -> HMT | AN4: =_xlfn.XLOOKUP(AH4,$B$3:$B$35,$G$3:$G$35) -> C1MT | AO4: =_xlfn.XLOOKUP(AI4,$B$3:$B$35,$G$3:$G$35) -> HMT | AQ4: 24 | AR4: 27 | AS4: 29 | AT4: 1 | AU4: 104.36 | AV4: 658.311 | AW4: =_xlfn.XLOOKUP(AQ4,$B$3:$B$35,$G$3:$G$35) -> NMT | AX4: =_xlfn.XLOOKUP(AR4,$B$3:$B$35,$G$3:$G$35) -> SMT | AY4: =_xlfn.XLOOKUP(AS4,$B$3:$B$35,$G$3:$G$35) -> O3MT | BA4: 7 | BB4: 3 | BC4: 2 | BD4: 1 | BE4: 3 | BF4: -0.209 | BG4: -0.628 | BH4: 0 | BI4: 0.837 | BJ4: 0 | BK4: 0 | BL4: =_xlfn.XLOOKUP(BA4,$B$3:$B$35,$G$3:$G$35) -> C2MT | BM4: =_xlfn.XLOOKUP(BB4,$B$3:$B$35,$G$3:$G$35) -> C1MT | BN4: =_xlfn.XLOOKUP(BC4,$B$3:$B$35,$G$3:$G$35) -> C1MT | BO4: =_xlfn.XLOOKUP(BD4,$B$3:$B$35,$G$3:$G$35) -> HMT | BQ4: 28 | BR4: 27 | BS4: 24 | BT4: 21 | BU4: 3 | BV4: -15.611 | BW4: 0.703 | BX4: 20.506 | BY4: -5.598 | BZ4: 0 | CA4: 0 | CB4: =_xlfn.XLOOKUP(BQ4,$B$3:$B$35,$G$3:$G$35) -> C1MT | CC4: =_xlfn.XLOOKUP(BR4,$B$3:$B$35,$G$3:$G$35) -> SMT | CD4: =_xlfn.XLOOKUP(BS4,$B$3:$B$35,$G$3:$G$35) -> NMT | CE4: =_xlfn.XLOOKUP(BT4,$B$3:$B$35,$G$3:$G$35) -> SMT
A5: Step5: Copy cols B-G and remove duplicates | B5: 5 | C5: 0.03 | D5: 2.5 | E5: 5 | F5: 1.008 | G5: HMT | I5: 2 | J5: 0.066 | K5: 3.5 | L5: 2 | M5: 12.011 | N5: C1MT | Q5: 4 | R5: 2 | S5: 1 | T5: 0.109 | U5: 284512 | V5: =_xlfn.XLOOKUP(Q5,$B$3:$B$35,$G$3:$G$35) -> HMT | W5: =_xlfn.XLOOKUP(R5,$B$3:$B$35,$G$3:$G$35) -> C1MT | Y5: 12 | Z5: 7 | AA5: 1 | AB5: 0.1327 | AC5: 179075.2 | AD5: =_xlfn.XLOOKUP(Y5,$B$3:$B$35,$G$3:$G$35) -> O1MT | AE5: =_xlfn.XLOOKUP(Z5,$B$3:$B$35,$G$3:$G$35) -> C2MT | AG5: 1 | AH5: 2 | AI5: 5 | AJ5: 1 | AK5: 107.8 | AL5: 276.144 | AM5: =_xlfn.XLOOKUP(AG5,$B$3:$B$35,$G$3:$G$35) -> HMT | AN5: =_xlfn.XLOOKUP(AH5,$B$3:$B$35,$G$3:$G$35) -> C1MT | AO5: =_xlfn.XLOOKUP(AI5,$B$3:$B$35,$G$3:$G$35) -> HMT | AQ5: 1 | AR5: 2 | AS5: 4 | AT5: 1 | AU5: 107.8 | AV5: 276.144 | AW5: =_xlfn.XLOOKUP(AQ5,$B$3:$B$35,$G$3:$G$35) -> HMT | AX5: =_xlfn.XLOOKUP(AR5,$B$3:$B$35,$G$3:$G$35) -> C1MT | AY5: =_xlfn.XLOOKUP(AS5,$B$3:$B$35,$G$3:$G$35) -> HMT | BA5: 7 | BB5: 3 | BC5: 2 | BD5: 4 | BE5: 3 | BF5: -0.209 | BG5: -0.628 | BH5: 0 | BI5: 0.837 | BJ5: 0 | BK5: 0 | BL5: =_xlfn.XLOOKUP(BA5,$B$3:$B$35,$G$3:$G$35) -> C2MT | BM5: =_xlfn.XLOOKUP(BB5,$B$3:$B$35,$G$3:$G$35) -> C1MT | BN5: =_xlfn.XLOOKUP(BC5,$B$3:$B$35,$G$3:$G$35) -> C1MT | BO5: =_xlfn.XLOOKUP(BD5,$B$3:$B$35,$G$3:$G$35) -> HMT | BQ5: 6 | BR5: 3 | BS5: 2 | BT5: 1 | BU5: 3 | BV5: 0.628 | BW5: 1.883 | BX5: 0 | BY5: -2.51 | BZ5: 0 | CA5: 0 | CB5: =_xlfn.XLOOKUP(BQ5,$B$3:$B$35,$G$3:$G$35) -> C1MT | CC5: =_xlfn.XLOOKUP(BR5,$B$3:$B$35,$G$3:$G$35) -> C1MT | CD5: =_xlfn.XLOOKUP(BS5,$B$3:$B$35,$G$3:$G$35) -> C1MT | CE5: =_xlfn.XLOOKUP(BT5,$B$3:$B$35,$G$3:$G$35) -> HMT
A6: Step6: CROSS CHECK (IMPORTANT) | B6: 8 | C6: 0.03 | D6: 2.5 | E6: 8 | F6: 1.008 | G6: HMT | I6: 7 | J6: 0.07 | K6: 3.55 | L6: 7 | M6: 12.011 | N6: C2MT | Q6: 5 | R6: 2 | S6: 1 | T6: 0.109 | U6: 284512 | V6: =_xlfn.XLOOKUP(Q6,$B$3:$B$35,$G$3:$G$35) -> HMT | W6: =_xlfn.XLOOKUP(R6,$B$3:$B$35,$G$3:$G$35) -> C1MT | Y6: 31 | Z6: 28 | AA6: 1 | AB6: 0.136 | AC6: 307105.6 | AD6: =_xlfn.XLOOKUP(Y6,$B$3:$B$35,$G$3:$G$35) -> FMT | AE6: =_xlfn.XLOOKUP(Z6,$B$3:$B$35,$G$3:$G$35) -> C1MT | AG6: 2 | AH6: 3 | AI6: 6 | AJ6: 1 | AK6: 112.7 | AL6: 488.273 | AM6: =_xlfn.XLOOKUP(AG6,$B$3:$B$35,$G$3:$G$35) -> C1MT | AN6: =_xlfn.XLOOKUP(AH6,$B$3:$B$35,$G$3:$G$35) -> C1MT | AO6: =_xlfn.XLOOKUP(AI6,$B$3:$B$35,$G$3:$G$35) -> C1MT | AQ6: 15 | AR6: 18 | AS6: 21 | AT6: 1 | AU6: 108.6 | AV6: 418.4 | AW6: =_xlfn.XLOOKUP(AQ6,$B$3:$B$35,$G$3:$G$35) -> C1MT | AX6: =_xlfn.XLOOKUP(AR6,$B$3:$B$35,$G$3:$G$35) -> C1MT | AY6: =_xlfn.XLOOKUP(AS6,$B$3:$B$35,$G$3:$G$35) -> SMT | BA6: 28 | BB6: 27 | BC6: 24 | BD6: 21 | BE6: 3 | BF6: -15.611 | BG6: 0.703 | BH6: 20.506 | BI6: -5.598 | BJ6: 0 | BK6: 0 | BL6: =_xlfn.XLOOKUP(BA6,$B$3:$B$35,$G$3:$G$35) -> C1MT | BM6: =_xlfn.XLOOKUP(BB6,$B$3:$B$35,$G$3:$G$35) -> SMT | BN6: =_xlfn.XLOOKUP(BC6,$B$3:$B$35,$G$3:$G$35) -> NMT | BO6: =_xlfn.XLOOKUP(BD6,$B$3:$B$35,$G$3:$G$35) -> SMT | BQ6: 18 | BR6: 15 | BS6: 14 | BT6: 12 | BU6: 3 | BV6: 2.874 | BW6: 0.582 | BX6: 2.092 | BY6: -5.548 | BZ6: 0 | CA6: 0 | CB6: =_xlfn.XLOOKUP(BQ6,$B$3:$B$35,$G$3:$G$35) -> C1MT | CC6: =_xlfn.XLOOKUP(BR6,$B$3:$B$35,$G$3:$G$35) -> C1MT | CD6: =_xlfn.XLOOKUP(BS6,$B$3:$B$35,$G$3:$G$35) -> C1MT | CE6: =_xlfn.XLOOKUP(BT6,$B$3:$B$35,$G$3:$G$35) -> O1MT
A7: Step7: Copy Bond info from GROMACS itp | B7: 9 | C7: 0.03 | D7: 2.5 | E7: 9 | F7: 1.008 | G7: HMT | I7: 12 | J7: 0.14 | K7: 2.9 | L7: 12 | M7: 15.999 | N7: O1MT | Q7: 6 | R7: 3 | S7: 1 | T7: 0.1529 | U7: 224262.4 | V7: =_xlfn.XLOOKUP(Q7,$B$3:$B$35,$G$3:$G$35) -> C1MT | W7: =_xlfn.XLOOKUP(R7,$B$3:$B$35,$G$3:$G$35) -> C1MT | Y7: 14 | Z7: 12 | AA7: 1 | AB7: 0.141 | AC7: 267776 | AD7: =_xlfn.XLOOKUP(Y7,$B$3:$B$35,$G$3:$G$35) -> C1MT | AE7: =_xlfn.XLOOKUP(Z7,$B$3:$B$35,$G$3:$G$35) -> O1MT | AG7: 2 | AH7: 3 | AI7: 7 | AJ7: 1 | AK7: 111.1 | AL7: 527.184 | AM7: =_xlfn.XLOOKUP(AG7,$B$3:$B$35,$G$3:$G$35) -> C1MT | AN7: =_xlfn.XLOOKUP(AH7,$B$3:$B$35,$G$3:$G$35) -> C1MT | AO7: =_xlfn.XLOOKUP(AI7,$B$3:$B$35,$G$3:$G$35) -> C2MT | AQ7: 18 | AR7: 21 | AS7: 25 | AT7: 1 | AU7: 108.9 | AV7: 619.232 | AW7: =_xlfn.XLOOKUP(AQ7,$B$3:$B$35,$G$3:$G$35) -> C1MT | AX7: =_xlfn.XLOOKUP(AR7,$B$3:$B$35,$G$3:$G$35) -> SMT | AY7: =_xlfn.XLOOKUP(AS7,$B$3:$B$35,$G$3:$G$35) -> O3MT | BA7: 6 | BB7: 3 | BC7: 2 | BD7: 1 | BE7: 3 | BF7: 0.628 | BG7: 1.883 | BH7: 0 | BI7: -2.51 | BJ7: 0 | BK7: 0 | BL7: =_xlfn.XLOOKUP(BA7,$B$3:$B$35,$G$3:$G$35) -> C1MT | BM7: =_xlfn.XLOOKUP(BB7,$B$3:$B$35,$G$3:$G$35) -> C1MT | BN7: =_xlfn.XLOOKUP(BC7,$B$3:$B$35,$G$3:$G$35) -> C1MT | BO7: =_xlfn.XLOOKUP(BD7,$B$3:$B$35,$G$3:$G$35) -> HMT | BQ7: 15 | BR7: 14 | BS7: 12 | BT7: 7 | BU7: 3 | BV7: -2.197 | BW7: 5.201 | BX7: 0.527 | BY7: -3.531 | BZ7: 0 | CA7: 0 | CB7: =_xlfn.XLOOKUP(BQ7,$B$3:$B$35,$G$3:$G$35) -> C1MT | CC7: =_xlfn.XLOOKUP(BR7,$B$3:$B$35,$G$3:$G$35) -> C1MT | CD7: =_xlfn.XLOOKUP(BS7,$B$3:$B$35,$G$3:$G$35) -> O1MT | CE7: =_xlfn.XLOOKUP(BT7,$B$3:$B$35,$G$3:$G$35) -> C2MT
A8: Step8: Assign values based on ID on 1st and 2nd atom using type by crosschecking with Cols B and H. See the command in the column | B8: 10 | C8: 0.03 | D8: 2.5 | E8: 10 | F8: 1.008 | G8: HMT | I8: 24 | J8: 0.17 | K8: 3.25 | L8: 24 | M8: 14.007 | N8: NMT | Q8: 7 | R8: 3 | S8: 1 | T8: 0.1522 | U8: 265265.6 | V8: =_xlfn.XLOOKUP(Q8,$B$3:$B$35,$G$3:$G$35) -> C2MT | W8: =_xlfn.XLOOKUP(R8,$B$3:$B$35,$G$3:$G$35) -> C1MT | Y8: 25 | Z8: 21 | AA8: 1 | AB8: 0.144 | AC8: 585760 | AD8: =_xlfn.XLOOKUP(Y8,$B$3:$B$35,$G$3:$G$35) -> O3MT | AE8: =_xlfn.XLOOKUP(Z8,$B$3:$B$35,$G$3:$G$35) -> SMT | AG8: 2 | AH8: 3 | AI8: 8 | AJ8: 1 | AK8: 110.7 | AL8: 313.8 | AM8: =_xlfn.XLOOKUP(AG8,$B$3:$B$35,$G$3:$G$35) -> C1MT | AN8: =_xlfn.XLOOKUP(AH8,$B$3:$B$35,$G$3:$G$35) -> C1MT | AO8: =_xlfn.XLOOKUP(AI8,$B$3:$B$35,$G$3:$G$35) -> HMT | AQ8: 32 | AR8: 28 | AS8: 33 | AT8: 1 | AU8: 109.1 | AV8: 644.336 | AW8: =_xlfn.XLOOKUP(AQ8,$B$3:$B$35,$G$3:$G$35) -> FMT | AX8: =_xlfn.XLOOKUP(AR8,$B$3:$B$35,$G$3:$G$35) -> C1MT | AY8: =_xlfn.XLOOKUP(AS8,$B$3:$B$35,$G$3:$G$35) -> FMT | BA8: 6 | BB8: 3 | BC8: 2 | BD8: 5 | BE8: 3 | BF8: 0.628 | BG8: 1.883 | BH8: 0 | BI8: -2.51 | BJ8: 0 | BK8: 0 | BL8: =_xlfn.XLOOKUP(BA8,$B$3:$B$35,$G$3:$G$35) -> C1MT | BM8: =_xlfn.XLOOKUP(BB8,$B$3:$B$35,$G$3:$G$35) -> C1MT | BN8: =_xlfn.XLOOKUP(BC8,$B$3:$B$35,$G$3:$G$35) -> C1MT | BO8: =_xlfn.XLOOKUP(BD8,$B$3:$B$35,$G$3:$G$35) -> HMT | BQ8: 14 | BR8: 12 | BS8: 7 | BT8: 3 | BU8: 3 | BV8: 31.206 | BW8: -9.768 | BX8: -21.439 | BY8: 0 | BZ8: 0 | CA8: 0 | CB8: =_xlfn.XLOOKUP(BQ8,$B$3:$B$35,$G$3:$G$35) -> C1MT | CC8: =_xlfn.XLOOKUP(BR8,$B$3:$B$35,$G$3:$G$35) -> O1MT | CD8: =_xlfn.XLOOKUP(BS8,$B$3:$B$35,$G$3:$G$35) -> C2MT | CE8: =_xlfn.XLOOKUP(BT8,$B$3:$B$35,$G$3:$G$35) -> C1MT
A9: Step9-10: Same as Steps 5 and 6 | B9: 11 | C9: 0.03 | D9: 2.5 | E9: 11 | F9: 1.008 | G9: HMT | I9: 25 | J9: 0.17 | K9: 2.96 | L9: 25 | M9: 15.999 | N9: O3MT | Q9: 8 | R9: 3 | S9: 1 | T9: 0.109 | U9: 284512 | V9: =_xlfn.XLOOKUP(Q9,$B$3:$B$35,$G$3:$G$35) -> HMT | W9: =_xlfn.XLOOKUP(R9,$B$3:$B$35,$G$3:$G$35) -> C1MT | Y9: 7 | Z9: 3 | AA9: 1 | AB9: 0.1522 | AC9: 265265.6 | AD9: =_xlfn.XLOOKUP(Y9,$B$3:$B$35,$G$3:$G$35) -> C2MT | AE9: =_xlfn.XLOOKUP(Z9,$B$3:$B$35,$G$3:$G$35) -> C1MT | AG9: 3 | AH9: 6 | AI9: 9 | AJ9: 1 | AK9: 110.7 | AL9: 313.8 | AM9: =_xlfn.XLOOKUP(AG9,$B$3:$B$35,$G$3:$G$35) -> C1MT | AN9: =_xlfn.XLOOKUP(AH9,$B$3:$B$35,$G$3:$G$35) -> C1MT | AO9: =_xlfn.XLOOKUP(AI9,$B$3:$B$35,$G$3:$G$35) -> HMT | AQ9: 12 | AR9: 14 | AS9: 15 | AT9: 1 | AU9: 109.5 | AV9: 418.4 | AW9: =_xlfn.XLOOKUP(AQ9,$B$3:$B$35,$G$3:$G$35) -> O1MT | AX9: =_xlfn.XLOOKUP(AR9,$B$3:$B$35,$G$3:$G$35) -> C1MT | AY9: =_xlfn.XLOOKUP(AS9,$B$3:$B$35,$G$3:$G$35) -> C1MT | BA9: 18 | BB9: 15 | BC9: 14 | BD9: 17 | BE9: 3 | BF9: 0.628 | BG9: 1.883 | BH9: 0 | BI9: -2.51 | BJ9: 0 | BK9: 0 | BL9: =_xlfn.XLOOKUP(BA9,$B$3:$B$35,$G$3:$G$35) -> C1MT | BM9: =_xlfn.XLOOKUP(BB9,$B$3:$B$35,$G$3:$G$35) -> C1MT | BN9: =_xlfn.XLOOKUP(BC9,$B$3:$B$35,$G$3:$G$35) -> C1MT | BO9: =_xlfn.XLOOKUP(BD9,$B$3:$B$35,$G$3:$G$35) -> HMT | BQ9: 14 | BR9: 12 | BS9: 7 | BT9: 13 | BU9: 3 | BV9: 21.439 | BW9: 0 | BX9: -21.439 | BY9: 0 | BZ9: 0 | CA9: 0 | CB9: =_xlfn.XLOOKUP(BQ9,$B$3:$B$35,$G$3:$G$35) -> C1MT | CC9: =_xlfn.XLOOKUP(BR9,$B$3:$B$35,$G$3:$G$35) -> O1MT | CD9: =_xlfn.XLOOKUP(BS9,$B$3:$B$35,$G$3:$G$35) -> C2MT | CE9: =_xlfn.XLOOKUP(BT9,$B$3:$B$35,$G$3:$G$35) -> O2MT
A10: Do Steps 7 - 10 for angles and dihedrals | B10: 16 | C10: 0.03 | D10: 2.5 | E10: 16 | F10: 1.008 | G10: HMT | I10: 13 | J10: 0.21 | K10: 2.96 | L10: 13 | M10: 15.999 | N10: O2MT | Q10: 9 | R10: 6 | S10: 1 | T10: 0.109 | U10: 284512 | V10: =_xlfn.XLOOKUP(Q10,$B$3:$B$35,$G$3:$G$35) -> HMT | W10: =_xlfn.XLOOKUP(R10,$B$3:$B$35,$G$3:$G$35) -> C1MT | Y10: 3 | Z10: 2 | AA10: 1 | AB10: 0.1529 | AC10: 224262.4 | AD10: =_xlfn.XLOOKUP(Y10,$B$3:$B$35,$G$3:$G$35) -> C1MT | AE10: =_xlfn.XLOOKUP(Z10,$B$3:$B$35,$G$3:$G$35) -> C1MT | AG10: 3 | AH10: 6 | AI10: 10 | AJ10: 1 | AK10: 110.7 | AL10: 313.8 | AM10: =_xlfn.XLOOKUP(AG10,$B$3:$B$35,$G$3:$G$35) -> C1MT | AN10: =_xlfn.XLOOKUP(AH10,$B$3:$B$35,$G$3:$G$35) -> C1MT | AO10: =_xlfn.XLOOKUP(AI10,$B$3:$B$35,$G$3:$G$35) -> HMT | AQ10: 12 | AR10: 14 | AS10: 16 | AT10: 1 | AU10: 109.5 | AV10: 292.88 | AW10: =_xlfn.XLOOKUP(AQ10,$B$3:$B$35,$G$3:$G$35) -> O1MT | AX10: =_xlfn.XLOOKUP(AR10,$B$3:$B$35,$G$3:$G$35) -> C1MT | AY10: =_xlfn.XLOOKUP(AS10,$B$3:$B$35,$G$3:$G$35) -> HMT | BA10: 6 | BB10: 3 | BC10: 2 | BD10: 4 | BE10: 3 | BF10: 0.628 | BG10: 1.883 | BH10: 0 | BI10: -2.51 | BJ10: 0 | BK10: 0 | BL10: =_xlfn.XLOOKUP(BA10,$B$3:$B$35,$G$3:$G$35) -> C1MT | BM10: =_xlfn.XLOOKUP(BB10,$B$3:$B$35,$G$3:$G$35) -> C1MT | BN10: =_xlfn.XLOOKUP(BC10,$B$3:$B$35,$G$3:$G$35) -> C1MT | BO10: =_xlfn.XLOOKUP(BD10,$B$3:$B$35,$G$3:$G$35) -> HMT | BQ10: 32 | BR10: 28 | BS10: 27 | BT10: 24 | BU10: 3 | BV10: 0 | BW10: 0 | BX10: 0 | BY10: 0 | BZ10: 0 | CA10: 0 | CB10: =_xlfn.XLOOKUP(BQ10,$B$3:$B$35,$G$3:$G$35) -> FMT | CC10: =_xlfn.XLOOKUP(BR10,$B$3:$B$35,$G$3:$G$35) -> C1MT | CD10: =_xlfn.XLOOKUP(BS10,$B$3:$B$35,$G$3:$G$35) -> SMT | CE10: =_xlfn.XLOOKUP(BT10,$B$3:$B$35,$G$3:$G$35) -> NMT
B11: 17 | C11: 0.03 | D11: 2.5 | E11: 17 | F11: 1.008 | G11: HMT | I11: 21 | J11: 0.25 | K11: 3.55 | L11: 21 | M11: 32.06 | N11: SMT | Q11: 10 | R11: 6 | S11: 1 | T11: 0.109 | U11: 284512 | V11: =_xlfn.XLOOKUP(Q11,$B$3:$B$35,$G$3:$G$35) -> HMT | W11: =_xlfn.XLOOKUP(R11,$B$3:$B$35,$G$3:$G$35) -> C1MT | Y11: 24 | Z11: 21 | AA11: 1 | AB11: 0.173 | AC11: 209200 | AD11: =_xlfn.XLOOKUP(Y11,$B$3:$B$35,$G$3:$G$35) -> NMT | AE11: =_xlfn.XLOOKUP(Z11,$B$3:$B$35,$G$3:$G$35) -> SMT | AG11: 3 | AH11: 6 | AI11: 11 | AJ11: 1 | AK11: 110.7 | AL11: 313.8 | AM11: =_xlfn.XLOOKUP(AG11,$B$3:$B$35,$G$3:$G$35) -> C1MT | AN11: =_xlfn.XLOOKUP(AH11,$B$3:$B$35,$G$3:$G$35) -> C1MT | AO11: =_xlfn.XLOOKUP(AI11,$B$3:$B$35,$G$3:$G$35) -> HMT | AQ11: 27 | AR11: 28 | AS11: 31 | AT11: 1 | AU11: 109.5 | AV11: 418.4 | AW11: =_xlfn.XLOOKUP(AQ11,$B$3:$B$35,$G$3:$G$35) -> SMT | AX11: =_xlfn.XLOOKUP(AR11,$B$3:$B$35,$G$3:$G$35) -> C1MT | AY11: =_xlfn.XLOOKUP(AS11,$B$3:$B$35,$G$3:$G$35) -> FMT | BA11: 18 | BB11: 15 | BC11: 14 | BD11: 16 | BE11: 3 | BF11: 0.628 | BG11: 1.883 | BH11: 0 | BI11: -2.51 | BJ11: 0 | BK11: 0 | BL11: =_xlfn.XLOOKUP(BA11,$B$3:$B$35,$G$3:$G$35) -> C1MT | BM11: =_xlfn.XLOOKUP(BB11,$B$3:$B$35,$G$3:$G$35) -> C1MT | BN11: =_xlfn.XLOOKUP(BC11,$B$3:$B$35,$G$3:$G$35) -> C1MT | BO11: =_xlfn.XLOOKUP(BD11,$B$3:$B$35,$G$3:$G$35) -> HMT | BQ11: 33 | BR11: 28 | BS11: 27 | BT11: 30 | BU11: 3 | BV11: 0 | BW11: 0 | BX11: 0 | BY11: 0 | BZ11: 0 | CA11: 0 | CB11: =_xlfn.XLOOKUP(BQ11,$B$3:$B$35,$G$3:$G$35) -> FMT | CC11: =_xlfn.XLOOKUP(BR11,$B$3:$B$35,$G$3:$G$35) -> C1MT | CD11: =_xlfn.XLOOKUP(BS11,$B$3:$B$35,$G$3:$G$35) -> SMT | CE11: =_xlfn.XLOOKUP(BT11,$B$3:$B$35,$G$3:$G$35) -> O3MT
B12: 19 | C12: 0.03 | D12: 2.5 | E12: 19 | F12: 1.008 | G12: HMT | Q12: 11 | R12: 6 | S12: 1 | T12: 0.109 | U12: 284512 | V12: =_xlfn.XLOOKUP(Q12,$B$3:$B$35,$G$3:$G$35) -> HMT | W12: =_xlfn.XLOOKUP(R12,$B$3:$B$35,$G$3:$G$35) -> C1MT | Y12: 21 | Z12: 18 | AA12: 1 | AB12: 0.177 | AC12: 284512 | AD12: =_xlfn.XLOOKUP(Y12,$B$3:$B$35,$G$3:$G$35) -> SMT | AE12: =_xlfn.XLOOKUP(Z12,$B$3:$B$35,$G$3:$G$35) -> C1MT | AG12: 3 | AH12: 7 | AI12: 12 | AJ12: 1 | AK12: 111.4 | AL12: 677.808 | AM12: =_xlfn.XLOOKUP(AG12,$B$3:$B$35,$G$3:$G$35) -> C1MT | AN12: =_xlfn.XLOOKUP(AH12,$B$3:$B$35,$G$3:$G$35) -> C2MT | AO12: =_xlfn.XLOOKUP(AI12,$B$3:$B$35,$G$3:$G$35) -> O1MT | AQ12: 21 | AR12: 18 | AS12: 23 | AT12: 1 | AU12: 109.5 | AV12: 292.88 | AW12: =_xlfn.XLOOKUP(AQ12,$B$3:$B$35,$G$3:$G$35) -> SMT | AX12: =_xlfn.XLOOKUP(AR12,$B$3:$B$35,$G$3:$G$35) -> C1MT | AY12: =_xlfn.XLOOKUP(AS12,$B$3:$B$35,$G$3:$G$35) -> HMT | BA12: 18 | BB12: 15 | BC12: 14 | BD12: 12 | BE12: 3 | BF12: 2.874 | BG12: 0.582 | BH12: 2.092 | BI12: -5.548 | BJ12: 0 | BK12: 0 | BL12: =_xlfn.XLOOKUP(BA12,$B$3:$B$35,$G$3:$G$35) -> C1MT | BM12: =_xlfn.XLOOKUP(BB12,$B$3:$B$35,$G$3:$G$35) -> C1MT | BN12: =_xlfn.XLOOKUP(BC12,$B$3:$B$35,$G$3:$G$35) -> C1MT | BO12: =_xlfn.XLOOKUP(BD12,$B$3:$B$35,$G$3:$G$35) -> O1MT | BQ12: 9 | BR12: 6 | BS12: 3 | BT12: 7 | BU12: 3 | BV12: -0.209 | BW12: -0.628 | BX12: 0 | BY12: 0.837 | BZ12: 0 | CA12: 0 | CB12: =_xlfn.XLOOKUP(BQ12,$B$3:$B$35,$G$3:$G$35) -> HMT | CC12: =_xlfn.XLOOKUP(BR12,$B$3:$B$35,$G$3:$G$35) -> C1MT | CD12: =_xlfn.XLOOKUP(BS12,$B$3:$B$35,$G$3:$G$35) -> C1MT | CE12: =_xlfn.XLOOKUP(BT12,$B$3:$B$35,$G$3:$G$35) -> C2MT
B13: 20 | C13: 0.03 | D13: 2.5 | E13: 20 | F13: 1.008 | G13: HMT | Q13: 12 | R13: 7 | S13: 1 | T13: 0.1327 | U13: 179075.2 | V13: =_xlfn.XLOOKUP(Q13,$B$3:$B$35,$G$3:$G$35) -> O1MT | W13: =_xlfn.XLOOKUP(R13,$B$3:$B$35,$G$3:$G$35) -> C2MT | AG13: 3 | AH13: 7 | AI13: 13 | AJ13: 1 | AK13: 120.4 | AL13: 669.44 | AM13: =_xlfn.XLOOKUP(AG13,$B$3:$B$35,$G$3:$G$35) -> C1MT | AN13: =_xlfn.XLOOKUP(AH13,$B$3:$B$35,$G$3:$G$35) -> C2MT | AO13: =_xlfn.XLOOKUP(AI13,$B$3:$B$35,$G$3:$G$35) -> O2MT | AQ13: 7 | AR13: 3 | AS13: 8 | AT13: 1 | AU13: 109.5 | AV13: 292.88 | AW13: =_xlfn.XLOOKUP(AQ13,$B$3:$B$35,$G$3:$G$35) -> C2MT | AX13: =_xlfn.XLOOKUP(AR13,$B$3:$B$35,$G$3:$G$35) -> C1MT | AY13: =_xlfn.XLOOKUP(AS13,$B$3:$B$35,$G$3:$G$35) -> HMT | BA13: 15 | BB13: 14 | BC13: 12 | BD13: 7 | BE13: 3 | BF13: -2.197 | BG13: 5.201 | BH13: 0.527 | BI13: -3.531 | BJ13: 0 | BK13: 0 | BL13: =_xlfn.XLOOKUP(BA13,$B$3:$B$35,$G$3:$G$35) -> C1MT | BM13: =_xlfn.XLOOKUP(BB13,$B$3:$B$35,$G$3:$G$35) -> C1MT | BN13: =_xlfn.XLOOKUP(BC13,$B$3:$B$35,$G$3:$G$35) -> O1MT | BO13: =_xlfn.XLOOKUP(BD13,$B$3:$B$35,$G$3:$G$35) -> C2MT | BQ13: 10 | BR13: 6 | BS13: 3 | BT13: 2 | BU13: 3 | BV13: 0.628 | BW13: 1.883 | BX13: 0 | BY13: -2.51 | BZ13: 0 | CA13: 0 | CB13: =_xlfn.XLOOKUP(BQ13,$B$3:$B$35,$G$3:$G$35) -> HMT | CC13: =_xlfn.XLOOKUP(BR13,$B$3:$B$35,$G$3:$G$35) -> C1MT | CD13: =_xlfn.XLOOKUP(BS13,$B$3:$B$35,$G$3:$G$35) -> C1MT | CE13: =_xlfn.XLOOKUP(BT13,$B$3:$B$35,$G$3:$G$35) -> C1MT
B14: 22 | C14: 0.03 | D14: 2.5 | E14: 22 | F14: 1.008 | G14: HMT | Q14: 13 | R14: 7 | S14: 1 | T14: 0.1229 | U14: 476976 | V14: =_xlfn.XLOOKUP(Q14,$B$3:$B$35,$G$3:$G$35) -> O2MT | W14: =_xlfn.XLOOKUP(R14,$B$3:$B$35,$G$3:$G$35) -> C2MT | AG14: 7 | AH14: 12 | AI14: 14 | AJ14: 1 | AK14: 116.9 | AL14: 694.544 | AM14: =_xlfn.XLOOKUP(AG14,$B$3:$B$35,$G$3:$G$35) -> C2MT | AN14: =_xlfn.XLOOKUP(AH14,$B$3:$B$35,$G$3:$G$35) -> O1MT | AO14: =_xlfn.XLOOKUP(AI14,$B$3:$B$35,$G$3:$G$35) -> C1MT | AQ14: 1 | AR14: 2 | AS14: 3 | AT14: 1 | AU14: 110.7 | AV14: 313.8 | AW14: =_xlfn.XLOOKUP(AQ14,$B$3:$B$35,$G$3:$G$35) -> HMT | AX14: =_xlfn.XLOOKUP(AR14,$B$3:$B$35,$G$3:$G$35) -> C1MT | AY14: =_xlfn.XLOOKUP(AS14,$B$3:$B$35,$G$3:$G$35) -> C1MT | BA14: 14 | BB14: 12 | BC14: 7 | BD14: 3 | BE14: 3 | BF14: 31.206 | BG14: -9.768 | BH14: -21.439 | BI14: 0 | BJ14: 0 | BK14: 0 | BL14: =_xlfn.XLOOKUP(BA14,$B$3:$B$35,$G$3:$G$35) -> C1MT | BM14: =_xlfn.XLOOKUP(BB14,$B$3:$B$35,$G$3:$G$35) -> O1MT | BN14: =_xlfn.XLOOKUP(BC14,$B$3:$B$35,$G$3:$G$35) -> C2MT | BO14: =_xlfn.XLOOKUP(BD14,$B$3:$B$35,$G$3:$G$35) -> C1MT | BQ14: 23 | BR14: 18 | BS14: 15 | BT14: 20 | BU14: 3 | BV14: 0.628 | BW14: 1.883 | BX14: 0 | BY14: -2.51 | BZ14: 0 | CA14: 0 | CB14: =_xlfn.XLOOKUP(BQ14,$B$3:$B$35,$G$3:$G$35) -> HMT | CC14: =_xlfn.XLOOKUP(BR14,$B$3:$B$35,$G$3:$G$35) -> C1MT | CD14: =_xlfn.XLOOKUP(BS14,$B$3:$B$35,$G$3:$G$35) -> C1MT | CE14: =_xlfn.XLOOKUP(BT14,$B$3:$B$35,$G$3:$G$35) -> HMT
B15: 23 | C15: 0.03 | D15: 2.5 | E15: 23 | F15: 1.008 | G15: HMT | Q15: 14 | R15: 12 | S15: 1 | T15: 0.141 | U15: 267776 | V15: =_xlfn.XLOOKUP(Q15,$B$3:$B$35,$G$3:$G$35) -> C1MT | W15: =_xlfn.XLOOKUP(R15,$B$3:$B$35,$G$3:$G$35) -> O1MT | AG15: 12 | AH15: 14 | AI15: 15 | AJ15: 1 | AK15: 109.5 | AL15: 418.4 | AM15: =_xlfn.XLOOKUP(AG15,$B$3:$B$35,$G$3:$G$35) -> O1MT | AN15: =_xlfn.XLOOKUP(AH15,$B$3:$B$35,$G$3:$G$35) -> C1MT | AO15: =_xlfn.XLOOKUP(AI15,$B$3:$B$35,$G$3:$G$35) -> C1MT | AQ15: 2 | AR15: 3 | AS15: 7 | AT15: 1 | AU15: 111.1 | AV15: 527.184 | AW15: =_xlfn.XLOOKUP(AQ15,$B$3:$B$35,$G$3:$G$35) -> C1MT | AX15: =_xlfn.XLOOKUP(AR15,$B$3:$B$35,$G$3:$G$35) -> C1MT | AY15: =_xlfn.XLOOKUP(AS15,$B$3:$B$35,$G$3:$G$35) -> C2MT | BA15: 14 | BB15: 12 | BC15: 7 | BD15: 13 | BE15: 3 | BF15: 21.439 | BG15: 0 | BH15: -21.439 | BI15: 0 | BJ15: 0 | BK15: 0 | BL15: =_xlfn.XLOOKUP(BA15,$B$3:$B$35,$G$3:$G$35) -> C1MT | BM15: =_xlfn.XLOOKUP(BB15,$B$3:$B$35,$G$3:$G$35) -> O1MT | BN15: =_xlfn.XLOOKUP(BC15,$B$3:$B$35,$G$3:$G$35) -> C2MT | BO15: =_xlfn.XLOOKUP(BD15,$B$3:$B$35,$G$3:$G$35) -> O2MT | BQ15: 20 | BR15: 15 | BS15: 14 | BT15: 12 | BU15: 3 | BV15: 0.979 | BW15: 2.937 | BX15: 0 | BY15: -3.916 | BZ15: 0 | CA15: 0 | CB15: =_xlfn.XLOOKUP(BQ15,$B$3:$B$35,$G$3:$G$35) -> HMT | CC15: =_xlfn.XLOOKUP(BR15,$B$3:$B$35,$G$3:$G$35) -> C1MT | CD15: =_xlfn.XLOOKUP(BS15,$B$3:$B$35,$G$3:$G$35) -> C1MT | CE15: =_xlfn.XLOOKUP(BT15,$B$3:$B$35,$G$3:$G$35) -> O1MT
B16: 31 | C16: 0.06 | D16: 2.9 | E16: 31 | F16: 18.998 | G16: FMT | Q16: 15 | R16: 14 | S16: 1 | T16: 0.1529 | U16: 224262.4 | V16: =_xlfn.XLOOKUP(Q16,$B$3:$B$35,$G$3:$G$35) -> C1MT | W16: =_xlfn.XLOOKUP(R16,$B$3:$B$35,$G$3:$G$35) -> C1MT | AG16: 12 | AH16: 14 | AI16: 16 | AJ16: 1 | AK16: 109.5 | AL16: 292.88 | AM16: =_xlfn.XLOOKUP(AG16,$B$3:$B$35,$G$3:$G$35) -> O1MT | AN16: =_xlfn.XLOOKUP(AH16,$B$3:$B$35,$G$3:$G$35) -> C1MT | AO16: =_xlfn.XLOOKUP(AI16,$B$3:$B$35,$G$3:$G$35) -> HMT | AQ16: 3 | AR16: 7 | AS16: 12 | AT16: 1 | AU16: 111.4 | AV16: 677.808 | AW16: =_xlfn.XLOOKUP(AQ16,$B$3:$B$35,$G$3:$G$35) -> C1MT | AX16: =_xlfn.XLOOKUP(AR16,$B$3:$B$35,$G$3:$G$35) -> C2MT | AY16: =_xlfn.XLOOKUP(AS16,$B$3:$B$35,$G$3:$G$35) -> O1MT | BA16: 32 | BB16: 28 | BC16: 27 | BD16: 24 | BE16: 3 | BF16: 0 | BG16: 0 | BH16: 0 | BI16: 0 | BJ16: 0 | BK16: 0 | BL16: =_xlfn.XLOOKUP(BA16,$B$3:$B$35,$G$3:$G$35) -> FMT | BM16: =_xlfn.XLOOKUP(BB16,$B$3:$B$35,$G$3:$G$35) -> C1MT | BN16: =_xlfn.XLOOKUP(BC16,$B$3:$B$35,$G$3:$G$35) -> SMT | BO16: =_xlfn.XLOOKUP(BD16,$B$3:$B$35,$G$3:$G$35) -> NMT | BQ16: 16 | BR16: 14 | BS16: 12 | BT16: 7 | BU16: 3 | BV16: 0.414 | BW16: 1.243 | BX16: 0 | BY16: -1.657 | BZ16: 0 | CA16: 0 | CB16: =_xlfn.XLOOKUP(BQ16,$B$3:$B$35,$G$3:$G$35) -> HMT | CC16: =_xlfn.XLOOKUP(BR16,$B$3:$B$35,$G$3:$G$35) -> C1MT | CD16: =_xlfn.XLOOKUP(BS16,$B$3:$B$35,$G$3:$G$35) -> O1MT | CE16: =_xlfn.XLOOKUP(BT16,$B$3:$B$35,$G$3:$G$35) -> C2MT
B17: 32 | C17: 0.06 | D17: 2.9 | E17: 32 | F17: 18.998 | G17: FMT | Q17: 16 | R17: 14 | S17: 1 | T17: 0.109 | U17: 284512 | V17: =_xlfn.XLOOKUP(Q17,$B$3:$B$35,$G$3:$G$35) -> HMT | W17: =_xlfn.XLOOKUP(R17,$B$3:$B$35,$G$3:$G$35) -> C1MT | AG17: 12 | AH17: 14 | AI17: 17 | AJ17: 1 | AK17: 109.5 | AL17: 292.88 | AM17: =_xlfn.XLOOKUP(AG17,$B$3:$B$35,$G$3:$G$35) -> O1MT | AN17: =_xlfn.XLOOKUP(AH17,$B$3:$B$35,$G$3:$G$35) -> C1MT | AO17: =_xlfn.XLOOKUP(AI17,$B$3:$B$35,$G$3:$G$35) -> HMT | AQ17: 2 | AR17: 3 | AS17: 6 | AT17: 1 | AU17: 112.7 | AV17: 488.273 | AW17: =_xlfn.XLOOKUP(AQ17,$B$3:$B$35,$G$3:$G$35) -> C1MT | AX17: =_xlfn.XLOOKUP(AR17,$B$3:$B$35,$G$3:$G$35) -> C1MT | AY17: =_xlfn.XLOOKUP(AS17,$B$3:$B$35,$G$3:$G$35) -> C1MT | BA17: 33 | BB17: 28 | BC17: 27 | BD17: 24 | BE17: 3 | BF17: 0 | BG17: 0 | BH17: 0 | BI17: 0 | BJ17: 0 | BK17: 0 | BL17: =_xlfn.XLOOKUP(BA17,$B$3:$B$35,$G$3:$G$35) -> FMT | BM17: =_xlfn.XLOOKUP(BB17,$B$3:$B$35,$G$3:$G$35) -> C1MT | BN17: =_xlfn.XLOOKUP(BC17,$B$3:$B$35,$G$3:$G$35) -> SMT | BO17: =_xlfn.XLOOKUP(BD17,$B$3:$B$35,$G$3:$G$35) -> NMT | BQ17: 24 | BR17: 21 | BS17: 18 | BT17: 15 | BU17: 3 | BV17: 0 | BW17: 0 | BX17: 0 | BY17: 0 | BZ17: 0 | CA17: 0 | CB17: =_xlfn.XLOOKUP(BQ17,$B$3:$B$35,$G$3:$G$35) -> NMT | CC17: =_xlfn.XLOOKUP(BR17,$B$3:$B$35,$G$3:$G$35) -> SMT | CD17: =_xlfn.XLOOKUP(BS17,$B$3:$B$35,$G$3:$G$35) -> C1MT | CE17: =_xlfn.XLOOKUP(BT17,$B$3:$B$35,$G$3:$G$35) -> C1MT
B18: 33 | C18: 0.06 | D18: 2.9 | E18: 33 | F18: 18.998 | G18: FMT | Q18: 17 | R18: 14 | S18: 1 | T18: 0.109 | U18: 284512 | V18: =_xlfn.XLOOKUP(Q18,$B$3:$B$35,$G$3:$G$35) -> HMT | W18: =_xlfn.XLOOKUP(R18,$B$3:$B$35,$G$3:$G$35) -> C1MT | AG18: 14 | AH18: 15 | AI18: 18 | AJ18: 1 | AK18: 112.7 | AL18: 488.273 | AM18: =_xlfn.XLOOKUP(AG18,$B$3:$B$35,$G$3:$G$35) -> C1MT | AN18: =_xlfn.XLOOKUP(AH18,$B$3:$B$35,$G$3:$G$35) -> C1MT | AO18: =_xlfn.XLOOKUP(AI18,$B$3:$B$35,$G$3:$G$35) -> C1MT | AQ18: 21 | AR18: 24 | AS18: 27 | AT18: 1 | AU18: 116.57 | AV18: 504.256 | AW18: =_xlfn.XLOOKUP(AQ18,$B$3:$B$35,$G$3:$G$35) -> SMT | AX18: =_xlfn.XLOOKUP(AR18,$B$3:$B$35,$G$3:$G$35) -> NMT | AY18: =_xlfn.XLOOKUP(AS18,$B$3:$B$35,$G$3:$G$35) -> SMT | BA18: 31 | BB18: 28 | BC18: 27 | BD18: 24 | BE18: 3 | BF18: 0 | BG18: 0 | BH18: 0 | BI18: 0 | BJ18: 0 | BK18: 0 | BL18: =_xlfn.XLOOKUP(BA18,$B$3:$B$35,$G$3:$G$35) -> FMT | BM18: =_xlfn.XLOOKUP(BB18,$B$3:$B$35,$G$3:$G$35) -> C1MT | BN18: =_xlfn.XLOOKUP(BC18,$B$3:$B$35,$G$3:$G$35) -> SMT | BO18: =_xlfn.XLOOKUP(BD18,$B$3:$B$35,$G$3:$G$35) -> NMT | BQ18: 24 | BR18: 21 | BS18: 18 | BT18: 22 | BU18: 3 | BV18: 0 | BW18: 0 | BX18: 0 | BY18: 0 | BZ18: 0 | CA18: 0 | CB18: =_xlfn.XLOOKUP(BQ18,$B$3:$B$35,$G$3:$G$35) -> NMT | CC18: =_xlfn.XLOOKUP(BR18,$B$3:$B$35,$G$3:$G$35) -> SMT | CD18: =_xlfn.XLOOKUP(BS18,$B$3:$B$35,$G$3:$G$35) -> C1MT | CE18: =_xlfn.XLOOKUP(BT18,$B$3:$B$35,$G$3:$G$35) -> HMT
B19: 2 | C19: 0.066 | D19: 3.5 | E19: 2 | F19: 12.011 | G19: C1MT | Q19: 18 | R19: 15 | S19: 1 | T19: 0.1529 | U19: 224262.4 | V19: =_xlfn.XLOOKUP(Q19,$B$3:$B$35,$G$3:$G$35) -> C1MT | W19: =_xlfn.XLOOKUP(R19,$B$3:$B$35,$G$3:$G$35) -> C1MT | AG19: 14 | AH19: 15 | AI19: 19 | AJ19: 1 | AK19: 110.7 | AL19: 313.8 | AM19: =_xlfn.XLOOKUP(AG19,$B$3:$B$35,$G$3:$G$35) -> C1MT | AN19: =_xlfn.XLOOKUP(AH19,$B$3:$B$35,$G$3:$G$35) -> C1MT | AO19: =_xlfn.XLOOKUP(AI19,$B$3:$B$35,$G$3:$G$35) -> HMT | AQ19: 7 | AR19: 12 | AS19: 14 | AT19: 1 | AU19: 116.9 | AV19: 694.544 | AW19: =_xlfn.XLOOKUP(AQ19,$B$3:$B$35,$G$3:$G$35) -> C2MT | AX19: =_xlfn.XLOOKUP(AR19,$B$3:$B$35,$G$3:$G$35) -> O1MT | AY19: =_xlfn.XLOOKUP(AS19,$B$3:$B$35,$G$3:$G$35) -> C1MT | BA19: 33 | BB19: 28 | BC19: 27 | BD19: 30 | BE19: 3 | BF19: 0 | BG19: 0 | BH19: 0 | BI19: 0 | BJ19: 0 | BK19: 0 | BL19: =_xlfn.XLOOKUP(BA19,$B$3:$B$35,$G$3:$G$35) -> FMT | BM19: =_xlfn.XLOOKUP(BB19,$B$3:$B$35,$G$3:$G$35) -> C1MT | BN19: =_xlfn.XLOOKUP(BC19,$B$3:$B$35,$G$3:$G$35) -> SMT | BO19: =_xlfn.XLOOKUP(BD19,$B$3:$B$35,$G$3:$G$35) -> O3MT | BQ19: 13 | BR19: 7 | BS19: 3 | BT19: 2 | BU19: 3 | BV19: 0 | BW19: 0 | BX19: 0 | BY19: 0 | BZ19: 0 | CA19: 0 | CB19: =_xlfn.XLOOKUP(BQ19,$B$3:$B$35,$G$3:$G$35) -> O2MT | CC19: =_xlfn.XLOOKUP(BR19,$B$3:$B$35,$G$3:$G$35) -> C2MT | CD19: =_xlfn.XLOOKUP(BS19,$B$3:$B$35,$G$3:$G$35) -> C1MT | CE19: =_xlfn.XLOOKUP(BT19,$B$3:$B$35,$G$3:$G$35) -> C1MT
B20: 3 | C20: 0.066 | D20: 3.5 | E20: 3 | F20: 12.011 | G20: C1MT | Q20: 19 | R20: 15 | S20: 1 | T20: 0.109 | U20: 284512 | V20: =_xlfn.XLOOKUP(Q20,$B$3:$B$35,$G$3:$G$35) -> HMT | W20: =_xlfn.XLOOKUP(R20,$B$3:$B$35,$G$3:$G$35) -> C1MT | AG20: 14 | AH20: 15 | AI20: 20 | AJ20: 1 | AK20: 110.7 | AL20: 313.8 | AM20: =_xlfn.XLOOKUP(AG20,$B$3:$B$35,$G$3:$G$35) -> C1MT | AN20: =_xlfn.XLOOKUP(AH20,$B$3:$B$35,$G$3:$G$35) -> C1MT | AO20: =_xlfn.XLOOKUP(AI20,$B$3:$B$35,$G$3:$G$35) -> HMT | AQ20: 25 | AR20: 21 | AS20: 26 | AT20: 1 | AU20: 119 | AV20: 870.272 | AW20: =_xlfn.XLOOKUP(AQ20,$B$3:$B$35,$G$3:$G$35) -> O3MT | AX20: =_xlfn.XLOOKUP(AR20,$B$3:$B$35,$G$3:$G$35) -> SMT | AY20: =_xlfn.XLOOKUP(AS20,$B$3:$B$35,$G$3:$G$35) -> O3MT | BA20: 32 | BB20: 28 | BC20: 27 | BD20: 30 | BE20: 3 | BF20: 0 | BG20: 0 | BH20: 0 | BI20: 0 | BJ20: 0 | BK20: 0 | BL20: =_xlfn.XLOOKUP(BA20,$B$3:$B$35,$G$3:$G$35) -> FMT | BM20: =_xlfn.XLOOKUP(BB20,$B$3:$B$35,$G$3:$G$35) -> C1MT | BN20: =_xlfn.XLOOKUP(BC20,$B$3:$B$35,$G$3:$G$35) -> SMT | BO20: =_xlfn.XLOOKUP(BD20,$B$3:$B$35,$G$3:$G$35) -> O3MT | BQ20: 13 | BR20: 7 | BS20: 3 | BT20: 8 | BU20: 3 | BV20: 0 | BW20: 0 | BX20: 0 | BY20: 0 | BZ20: 0 | CA20: 0 | CB20: =_xlfn.XLOOKUP(BQ20,$B$3:$B$35,$G$3:$G$35) -> O2MT | CC20: =_xlfn.XLOOKUP(BR20,$B$3:$B$35,$G$3:$G$35) -> C2MT | CD20: =_xlfn.XLOOKUP(BS20,$B$3:$B$35,$G$3:$G$35) -> C1MT | CE20: =_xlfn.XLOOKUP(BT20,$B$3:$B$35,$G$3:$G$35) -> HMT
B21: 6 | C21: 0.066 | D21: 3.5 | E21: 6 | F21: 12.011 | G21: C1MT | Q21: 20 | R21: 15 | S21: 1 | T21: 0.109 | U21: 284512 | V21: =_xlfn.XLOOKUP(Q21,$B$3:$B$35,$G$3:$G$35) -> HMT | W21: =_xlfn.XLOOKUP(R21,$B$3:$B$35,$G$3:$G$35) -> C1MT | AG21: 15 | AH21: 18 | AI21: 21 | AJ21: 1 | AK21: 108.6 | AL21: 418.4 | AM21: =_xlfn.XLOOKUP(AG21,$B$3:$B$35,$G$3:$G$35) -> C1MT | AN21: =_xlfn.XLOOKUP(AH21,$B$3:$B$35,$G$3:$G$35) -> C1MT | AO21: =_xlfn.XLOOKUP(AI21,$B$3:$B$35,$G$3:$G$35) -> SMT | AQ21: 3 | AR21: 7 | AS21: 13 | AT21: 1 | AU21: 120.4 | AV21: 669.44 | AW21: =_xlfn.XLOOKUP(AQ21,$B$3:$B$35,$G$3:$G$35) -> C1MT | AX21: =_xlfn.XLOOKUP(AR21,$B$3:$B$35,$G$3:$G$35) -> C2MT | AY21: =_xlfn.XLOOKUP(AS21,$B$3:$B$35,$G$3:$G$35) -> O2MT | BA21: 33 | BB21: 28 | BC21: 27 | BD21: 29 | BE21: 3 | BF21: 0 | BG21: 0 | BH21: 0 | BI21: 0 | BJ21: 0 | BK21: 0 | BL21: =_xlfn.XLOOKUP(BA21,$B$3:$B$35,$G$3:$G$35) -> FMT | BM21: =_xlfn.XLOOKUP(BB21,$B$3:$B$35,$G$3:$G$35) -> C1MT | BN21: =_xlfn.XLOOKUP(BC21,$B$3:$B$35,$G$3:$G$35) -> SMT | BO21: =_xlfn.XLOOKUP(BD21,$B$3:$B$35,$G$3:$G$35) -> O3MT | BQ21: 12 | BR21: 7 | BS21: 3 | BT21: 2 | BU21: 3 | BV21: -1.157 | BW21: -3.471 | BX21: 0 | BY21: 4.628 | BZ21: 0 | CA21: 0 | CB21: =_xlfn.XLOOKUP(BQ21,$B$3:$B$35,$G$3:$G$35) -> O1MT | CC21: =_xlfn.XLOOKUP(BR21,$B$3:$B$35,$G$3:$G$35) -> C2MT | CD21: =_xlfn.XLOOKUP(BS21,$B$3:$B$35,$G$3:$G$35) -> C1MT | CE21: =_xlfn.XLOOKUP(BT21,$B$3:$B$35,$G$3:$G$35) -> C1MT
B22: 14 | C22: 0.066 | D22: 3.5 | E22: 14 | F22: 12.011 | G22: C1MT | Q22: 21 | R22: 18 | S22: 1 | T22: 0.177 | U22: 284512 | V22: =_xlfn.XLOOKUP(Q22,$B$3:$B$35,$G$3:$G$35) -> SMT | W22: =_xlfn.XLOOKUP(R22,$B$3:$B$35,$G$3:$G$35) -> C1MT | AG22: 15 | AH22: 18 | AI22: 22 | AJ22: 1 | AK22: 110.7 | AL22: 313.8 | AM22: =_xlfn.XLOOKUP(AG22,$B$3:$B$35,$G$3:$G$35) -> C1MT | AN22: =_xlfn.XLOOKUP(AH22,$B$3:$B$35,$G$3:$G$35) -> C1MT | AO22: =_xlfn.XLOOKUP(AI22,$B$3:$B$35,$G$3:$G$35) -> HMT | AQ22: 12 | AR22: 7 | AS22: 13 | AT22: 1 | AU22: 123.4 | AV22: 694.544 | AW22: =_xlfn.XLOOKUP(AQ22,$B$3:$B$35,$G$3:$G$35) -> O1MT | AX22: =_xlfn.XLOOKUP(AR22,$B$3:$B$35,$G$3:$G$35) -> C2MT | AY22: =_xlfn.XLOOKUP(AS22,$B$3:$B$35,$G$3:$G$35) -> O2MT | BA22: 31 | BB22: 28 | BC22: 27 | BD22: 29 | BE22: 3 | BF22: 0 | BG22: 0 | BH22: 0 | BI22: 0 | BJ22: 0 | BK22: 0 | BL22: =_xlfn.XLOOKUP(BA22,$B$3:$B$35,$G$3:$G$35) -> FMT | BM22: =_xlfn.XLOOKUP(BB22,$B$3:$B$35,$G$3:$G$35) -> C1MT | BN22: =_xlfn.XLOOKUP(BC22,$B$3:$B$35,$G$3:$G$35) -> SMT | BO22: =_xlfn.XLOOKUP(BD22,$B$3:$B$35,$G$3:$G$35) -> O3MT | BQ22: 12 | BR22: 7 | BS22: 3 | BT22: 8 | BU22: 3 | BV22: 0.276 | BW22: 0.828 | BX22: 0 | BY22: -1.105 | BZ22: 0 | CA22: 0 | CB22: =_xlfn.XLOOKUP(BQ22,$B$3:$B$35,$G$3:$G$35) -> O1MT | CC22: =_xlfn.XLOOKUP(BR22,$B$3:$B$35,$G$3:$G$35) -> C2MT | CD22: =_xlfn.XLOOKUP(BS22,$B$3:$B$35,$G$3:$G$35) -> C1MT | CE22: =_xlfn.XLOOKUP(BT22,$B$3:$B$35,$G$3:$G$35) -> HMT
B23: 15 | C23: 0.066 | D23: 3.5 | E23: 15 | F23: 12.011 | G23: C1MT | Q23: 22 | R23: 18 | S23: 1 | T23: 0.109 | U23: 284512 | V23: =_xlfn.XLOOKUP(Q23,$B$3:$B$35,$G$3:$G$35) -> HMT | W23: =_xlfn.XLOOKUP(R23,$B$3:$B$35,$G$3:$G$35) -> C1MT | AG23: 15 | AH23: 18 | AI23: 23 | AJ23: 1 | AK23: 110.7 | AL23: 313.8 | AM23: =_xlfn.XLOOKUP(AG23,$B$3:$B$35,$G$3:$G$35) -> C1MT | AN23: =_xlfn.XLOOKUP(AH23,$B$3:$B$35,$G$3:$G$35) -> C1MT | AO23: =_xlfn.XLOOKUP(AI23,$B$3:$B$35,$G$3:$G$35) -> HMT | BA23: 31 | BB23: 28 | BC23: 27 | BD23: 30 | BE23: 3 | BF23: 0 | BG23: 0 | BH23: 0 | BI23: 0 | BJ23: 0 | BK23: 0 | BL23: =_xlfn.XLOOKUP(BA23,$B$3:$B$35,$G$3:$G$35) -> FMT | BM23: =_xlfn.XLOOKUP(BB23,$B$3:$B$35,$G$3:$G$35) -> C1MT | BN23: =_xlfn.XLOOKUP(BC23,$B$3:$B$35,$G$3:$G$35) -> SMT | BO23: =_xlfn.XLOOKUP(BD23,$B$3:$B$35,$G$3:$G$35) -> O3MT | BQ23: 25 | BR23: 21 | BS23: 18 | BT23: 15 | BU23: 3 | BV23: 0 | BW23: 0 | BX23: 0 | BY23: 0 | BZ23: 0 | CA23: 0 | CB23: =_xlfn.XLOOKUP(BQ23,$B$3:$B$35,$G$3:$G$35) -> O3MT | CC23: =_xlfn.XLOOKUP(BR23,$B$3:$B$35,$G$3:$G$35) -> SMT | CD23: =_xlfn.XLOOKUP(BS23,$B$3:$B$35,$G$3:$G$35) -> C1MT | CE23: =_xlfn.XLOOKUP(BT23,$B$3:$B$35,$G$3:$G$35) -> C1MT
B24: 18 | C24: 0.066 | D24: 3.5 | E24: 18 | F24: 12.011 | G24: C1MT | Q24: 23 | R24: 18 | S24: 1 | T24: 0.109 | U24: 284512 | V24: =_xlfn.XLOOKUP(Q24,$B$3:$B$35,$G$3:$G$35) -> HMT | W24: =_xlfn.XLOOKUP(R24,$B$3:$B$35,$G$3:$G$35) -> C1MT | AG24: 18 | AH24: 21 | AI24: 24 | AJ24: 1 | AK24: 104.36 | AL24: 658.311 | AM24: =_xlfn.XLOOKUP(AG24,$B$3:$B$35,$G$3:$G$35) -> C1MT | AN24: =_xlfn.XLOOKUP(AH24,$B$3:$B$35,$G$3:$G$35) -> SMT | AO24: =_xlfn.XLOOKUP(AI24,$B$3:$B$35,$G$3:$G$35) -> NMT | BA24: 32 | BB24: 28 | BC24: 27 | BD24: 29 | BE24: 3 | BF24: 0 | BG24: 0 | BH24: 0 | BI24: 0 | BJ24: 0 | BK24: 0 | BL24: =_xlfn.XLOOKUP(BA24,$B$3:$B$35,$G$3:$G$35) -> FMT | BM24: =_xlfn.XLOOKUP(BB24,$B$3:$B$35,$G$3:$G$35) -> C1MT | BN24: =_xlfn.XLOOKUP(BC24,$B$3:$B$35,$G$3:$G$35) -> SMT | BO24: =_xlfn.XLOOKUP(BD24,$B$3:$B$35,$G$3:$G$35) -> O3MT | BQ24: 26 | BR24: 21 | BS24: 18 | BT24: 23 | BU24: 3 | BV24: 0.732 | BW24: 2.197 | BX24: 0 | BY24: -2.929 | BZ24: 0 | CA24: 0 | CB24: =_xlfn.XLOOKUP(BQ24,$B$3:$B$35,$G$3:$G$35) -> O3MT | CC24: =_xlfn.XLOOKUP(BR24,$B$3:$B$35,$G$3:$G$35) -> SMT | CD24: =_xlfn.XLOOKUP(BS24,$B$3:$B$35,$G$3:$G$35) -> C1MT | CE24: =_xlfn.XLOOKUP(BT24,$B$3:$B$35,$G$3:$G$35) -> HMT
B25: 28 | C25: 0.066 | D25: 3.5 | E25: 28 | F25: 12.011 | G25: C1MT | Q25: 24 | R25: 21 | S25: 1 | T25: 0.173 | U25: 209200 | V25: =_xlfn.XLOOKUP(Q25,$B$3:$B$35,$G$3:$G$35) -> NMT | W25: =_xlfn.XLOOKUP(R25,$B$3:$B$35,$G$3:$G$35) -> SMT | AG25: 18 | AH25: 21 | AI25: 25 | AJ25: 1 | AK25: 108.9 | AL25: 619.232 | AM25: =_xlfn.XLOOKUP(AG25,$B$3:$B$35,$G$3:$G$35) -> C1MT | AN25: =_xlfn.XLOOKUP(AH25,$B$3:$B$35,$G$3:$G$35) -> SMT | AO25: =_xlfn.XLOOKUP(AI25,$B$3:$B$35,$G$3:$G$35) -> O3MT | BA25: 9 | BB25: 6 | BC25: 3 | BD25: 7 | BE25: 3 | BF25: -0.209 | BG25: -0.628 | BH25: 0 | BI25: 0.837 | BJ25: 0 | BK25: 0 | BL25: =_xlfn.XLOOKUP(BA25,$B$3:$B$35,$G$3:$G$35) -> HMT | BM25: =_xlfn.XLOOKUP(BB25,$B$3:$B$35,$G$3:$G$35) -> C1MT | BN25: =_xlfn.XLOOKUP(BC25,$B$3:$B$35,$G$3:$G$35) -> C1MT | BO25: =_xlfn.XLOOKUP(BD25,$B$3:$B$35,$G$3:$G$35) -> C2MT | BQ25: 29 | BR25: 27 | BS25: 24 | BT25: 21 | BU25: 3 | BV25: 0 | BW25: 0 | BX25: 0 | BY25: 0 | BZ25: 0 | CA25: 0 | CB25: =_xlfn.XLOOKUP(BQ25,$B$3:$B$35,$G$3:$G$35) -> O3MT | CC25: =_xlfn.XLOOKUP(BR25,$B$3:$B$35,$G$3:$G$35) -> SMT | CD25: =_xlfn.XLOOKUP(BS25,$B$3:$B$35,$G$3:$G$35) -> NMT | CE25: =_xlfn.XLOOKUP(BT25,$B$3:$B$35,$G$3:$G$35) -> SMT
B26: 7 | C26: 0.07 | D26: 3.55 | E26: 7 | F26: 12.011 | G26: C2MT | Q26: 25 | R26: 21 | S26: 1 | T26: 0.144 | U26: 585760 | V26: =_xlfn.XLOOKUP(Q26,$B$3:$B$35,$G$3:$G$35) -> O3MT | W26: =_xlfn.XLOOKUP(R26,$B$3:$B$35,$G$3:$G$35) -> SMT | AG26: 18 | AH26: 21 | AI26: 26 | AJ26: 1 | AK26: 108.9 | AL26: 619.232 | AM26: =_xlfn.XLOOKUP(AG26,$B$3:$B$35,$G$3:$G$35) -> C1MT | AN26: =_xlfn.XLOOKUP(AH26,$B$3:$B$35,$G$3:$G$35) -> SMT | AO26: =_xlfn.XLOOKUP(AI26,$B$3:$B$35,$G$3:$G$35) -> O3MT | BA26: 10 | BB26: 6 | BC26: 3 | BD26: 7 | BE26: 3 | BF26: -0.209 | BG26: -0.628 | BH26: 0 | BI26: 0.837 | BJ26: 0 | BK26: 0 | BL26: =_xlfn.XLOOKUP(BA26,$B$3:$B$35,$G$3:$G$35) -> HMT | BM26: =_xlfn.XLOOKUP(BB26,$B$3:$B$35,$G$3:$G$35) -> C1MT | BN26: =_xlfn.XLOOKUP(BC26,$B$3:$B$35,$G$3:$G$35) -> C1MT | BO26: =_xlfn.XLOOKUP(BD26,$B$3:$B$35,$G$3:$G$35) -> C2MT | BQ26: 21 | BR26: 18 | BS26: 15 | BT26: 14 | BU26: 3 | BV26: 2.784 | BW26: 0.278 | BX26: 0.828 | BY26: -3.891 | BZ26: 0 | CA26: 0 | CB26: =_xlfn.XLOOKUP(BQ26,$B$3:$B$35,$G$3:$G$35) -> SMT | CC26: =_xlfn.XLOOKUP(BR26,$B$3:$B$35,$G$3:$G$35) -> C1MT | CD26: =_xlfn.XLOOKUP(BS26,$B$3:$B$35,$G$3:$G$35) -> C1MT | CE26: =_xlfn.XLOOKUP(BT26,$B$3:$B$35,$G$3:$G$35) -> C1MT
B27: 12 | C27: 0.14 | D27: 2.9 | E27: 12 | F27: 15.999 | G27: O1MT | Q27: 26 | R27: 21 | S27: 1 | T27: 0.144 | U27: 585760 | V27: =_xlfn.XLOOKUP(Q27,$B$3:$B$35,$G$3:$G$35) -> O3MT | W27: =_xlfn.XLOOKUP(R27,$B$3:$B$35,$G$3:$G$35) -> SMT | AG27: 21 | AH27: 24 | AI27: 27 | AJ27: 1 | AK27: 116.57 | AL27: 504.256 | AM27: =_xlfn.XLOOKUP(AG27,$B$3:$B$35,$G$3:$G$35) -> SMT | AN27: =_xlfn.XLOOKUP(AH27,$B$3:$B$35,$G$3:$G$35) -> NMT | AO27: =_xlfn.XLOOKUP(AI27,$B$3:$B$35,$G$3:$G$35) -> SMT | BA27: 11 | BB27: 6 | BC27: 3 | BD27: 7 | BE27: 3 | BF27: -0.209 | BG27: -0.628 | BH27: 0 | BI27: 0.837 | BJ27: 0 | BK27: 0 | BL27: =_xlfn.XLOOKUP(BA27,$B$3:$B$35,$G$3:$G$35) -> HMT | BM27: =_xlfn.XLOOKUP(BB27,$B$3:$B$35,$G$3:$G$35) -> C1MT | BN27: =_xlfn.XLOOKUP(BC27,$B$3:$B$35,$G$3:$G$35) -> C1MT | BO27: =_xlfn.XLOOKUP(BD27,$B$3:$B$35,$G$3:$G$35) -> C2MT | BQ27: 21 | BR27: 18 | BS27: 15 | BT27: 19 | BU27: 3 | BV27: 0.946 | BW27: 2.837 | BX27: 0 | BY27: -3.782 | BZ27: 0 | CA27: 0 | CB27: =_xlfn.XLOOKUP(BQ27,$B$3:$B$35,$G$3:$G$35) -> SMT | CC27: =_xlfn.XLOOKUP(BR27,$B$3:$B$35,$G$3:$G$35) -> C1MT | CD27: =_xlfn.XLOOKUP(BS27,$B$3:$B$35,$G$3:$G$35) -> C1MT | CE27: =_xlfn.XLOOKUP(BT27,$B$3:$B$35,$G$3:$G$35) -> HMT
B28: 24 | C28: 0.17 | D28: 3.25 | E28: 24 | F28: 14.007 | G28: NMT | Q28: 27 | R28: 24 | S28: 1 | T28: 0.173 | U28: 209200 | V28: =_xlfn.XLOOKUP(Q28,$B$3:$B$35,$G$3:$G$35) -> SMT | W28: =_xlfn.XLOOKUP(R28,$B$3:$B$35,$G$3:$G$35) -> NMT | AG28: 24 | AH28: 27 | AI28: 28 | AJ28: 1 | AK28: 104.36 | AL28: 658.311 | AM28: =_xlfn.XLOOKUP(AG28,$B$3:$B$35,$G$3:$G$35) -> NMT | AN28: =_xlfn.XLOOKUP(AH28,$B$3:$B$35,$G$3:$G$35) -> SMT | AO28: =_xlfn.XLOOKUP(AI28,$B$3:$B$35,$G$3:$G$35) -> C1MT | BA28: 10 | BB28: 6 | BC28: 3 | BD28: 2 | BE28: 3 | BF28: 0.628 | BG28: 1.883 | BH28: 0 | BI28: -2.51 | BJ28: 0 | BK28: 0 | BL28: =_xlfn.XLOOKUP(BA28,$B$3:$B$35,$G$3:$G$35) -> HMT | BM28: =_xlfn.XLOOKUP(BB28,$B$3:$B$35,$G$3:$G$35) -> C1MT | BN28: =_xlfn.XLOOKUP(BC28,$B$3:$B$35,$G$3:$G$35) -> C1MT | BO28: =_xlfn.XLOOKUP(BD28,$B$3:$B$35,$G$3:$G$35) -> C1MT | BQ28: 27 | BR28: 24 | BS28: 21 | BT28: 18 | BU28: 3 | BV28: -15.611 | BW28: 0.703 | BX28: 20.506 | BY28: -5.598 | BZ28: 0 | CA28: 0 | CB28: =_xlfn.XLOOKUP(BQ28,$B$3:$B$35,$G$3:$G$35) -> SMT | CC28: =_xlfn.XLOOKUP(BR28,$B$3:$B$35,$G$3:$G$35) -> NMT | CD28: =_xlfn.XLOOKUP(BS28,$B$3:$B$35,$G$3:$G$35) -> SMT | CE28: =_xlfn.XLOOKUP(BT28,$B$3:$B$35,$G$3:$G$35) -> C1MT
B29: 25 | C29: 0.17 | D29: 2.96 | E29: 25 | F29: 15.999 | G29: O3MT | Q29: 28 | R29: 27 | S29: 1 | T29: 0.177 | U29: 284512 | V29: =_xlfn.XLOOKUP(Q29,$B$3:$B$35,$G$3:$G$35) -> C1MT | W29: =_xlfn.XLOOKUP(R29,$B$3:$B$35,$G$3:$G$35) -> SMT | AG29: 24 | AH29: 27 | AI29: 29 | AJ29: 1 | AK29: 104.36 | AL29: 658.311 | AM29: =_xlfn.XLOOKUP(AG29,$B$3:$B$35,$G$3:$G$35) -> NMT | AN29: =_xlfn.XLOOKUP(AH29,$B$3:$B$35,$G$3:$G$35) -> SMT | AO29: =_xlfn.XLOOKUP(AI29,$B$3:$B$35,$G$3:$G$35) -> O3MT | BA29: 22 | BB29: 18 | BC29: 15 | BD29: 14 | BE29: 3 | BF29: 0.628 | BG29: 1.883 | BH29: 0 | BI29: -2.51 | BJ29: 0 | BK29: 0 | BL29: =_xlfn.XLOOKUP(BA29,$B$3:$B$35,$G$3:$G$35) -> HMT | BM29: =_xlfn.XLOOKUP(BB29,$B$3:$B$35,$G$3:$G$35) -> C1MT | BN29: =_xlfn.XLOOKUP(BC29,$B$3:$B$35,$G$3:$G$35) -> C1MT | BO29: =_xlfn.XLOOKUP(BD29,$B$3:$B$35,$G$3:$G$35) -> C1MT | BQ29: 27 | BR29: 24 | BS29: 21 | BT29: 26 | BU29: 3 | BV29: 0 | BW29: 0 | BX29: 0 | BY29: 0 | BZ29: 0 | CA29: 0 | CB29: =_xlfn.XLOOKUP(BQ29,$B$3:$B$35,$G$3:$G$35) -> SMT | CC29: =_xlfn.XLOOKUP(BR29,$B$3:$B$35,$G$3:$G$35) -> NMT | CD29: =_xlfn.XLOOKUP(BS29,$B$3:$B$35,$G$3:$G$35) -> SMT | CE29: =_xlfn.XLOOKUP(BT29,$B$3:$B$35,$G$3:$G$35) -> O3MT
B30: 26 | C30: 0.17 | D30: 2.96 | E30: 26 | F30: 15.999 | G30: O3MT | Q30: 29 | R30: 27 | S30: 1 | T30: 0.144 | U30: 585760 | V30: =_xlfn.XLOOKUP(Q30,$B$3:$B$35,$G$3:$G$35) -> O3MT | W30: =_xlfn.XLOOKUP(R30,$B$3:$B$35,$G$3:$G$35) -> SMT | AG30: 24 | AH30: 27 | AI30: 30 | AJ30: 1 | AK30: 104.36 | AL30: 658.311 | AM30: =_xlfn.XLOOKUP(AG30,$B$3:$B$35,$G$3:$G$35) -> NMT | AN30: =_xlfn.XLOOKUP(AH30,$B$3:$B$35,$G$3:$G$35) -> SMT | AO30: =_xlfn.XLOOKUP(AI30,$B$3:$B$35,$G$3:$G$35) -> O3MT | BA30: 23 | BB30: 18 | BC30: 15 | BD30: 14 | BE30: 3 | BF30: 0.628 | BG30: 1.883 | BH30: 0 | BI30: -2.51 | BJ30: 0 | BK30: 0 | BL30: =_xlfn.XLOOKUP(BA30,$B$3:$B$35,$G$3:$G$35) -> HMT | BM30: =_xlfn.XLOOKUP(BB30,$B$3:$B$35,$G$3:$G$35) -> C1MT | BN30: =_xlfn.XLOOKUP(BC30,$B$3:$B$35,$G$3:$G$35) -> C1MT | BO30: =_xlfn.XLOOKUP(BD30,$B$3:$B$35,$G$3:$G$35) -> C1MT
B31: 29 | C31: 0.17 | D31: 2.96 | E31: 29 | F31: 15.999 | G31: O3MT | Q31: 30 | R31: 27 | S31: 1 | T31: 0.144 | U31: 585760 | V31: =_xlfn.XLOOKUP(Q31,$B$3:$B$35,$G$3:$G$35) -> O3MT | W31: =_xlfn.XLOOKUP(R31,$B$3:$B$35,$G$3:$G$35) -> SMT | AG31: 27 | AH31: 28 | AI31: 31 | AJ31: 1 | AK31: 109.5 | AL31: 418.4 | AM31: =_xlfn.XLOOKUP(AG31,$B$3:$B$35,$G$3:$G$35) -> SMT | AN31: =_xlfn.XLOOKUP(AH31,$B$3:$B$35,$G$3:$G$35) -> C1MT | AO31: =_xlfn.XLOOKUP(AI31,$B$3:$B$35,$G$3:$G$35) -> FMT | BA31: 11 | BB31: 6 | BC31: 3 | BD31: 2 | BE31: 3 | BF31: 0.628 | BG31: 1.883 | BH31: 0 | BI31: -2.51 | BJ31: 0 | BK31: 0 | BL31: =_xlfn.XLOOKUP(BA31,$B$3:$B$35,$G$3:$G$35) -> HMT | BM31: =_xlfn.XLOOKUP(BB31,$B$3:$B$35,$G$3:$G$35) -> C1MT | BN31: =_xlfn.XLOOKUP(BC31,$B$3:$B$35,$G$3:$G$35) -> C1MT | BO31: =_xlfn.XLOOKUP(BD31,$B$3:$B$35,$G$3:$G$35) -> C1MT
B32: 30 | C32: 0.17 | D32: 2.96 | E32: 30 | F32: 15.999 | G32: O3MT | Q32: 31 | R32: 28 | S32: 1 | T32: 0.136 | U32: 307105.6 | V32: =_xlfn.XLOOKUP(Q32,$B$3:$B$35,$G$3:$G$35) -> FMT | W32: =_xlfn.XLOOKUP(R32,$B$3:$B$35,$G$3:$G$35) -> C1MT | AG32: 27 | AH32: 28 | AI32: 32 | AJ32: 1 | AK32: 109.5 | AL32: 418.4 | AM32: =_xlfn.XLOOKUP(AG32,$B$3:$B$35,$G$3:$G$35) -> SMT | AN32: =_xlfn.XLOOKUP(AH32,$B$3:$B$35,$G$3:$G$35) -> C1MT | AO32: =_xlfn.XLOOKUP(AI32,$B$3:$B$35,$G$3:$G$35) -> FMT | BA32: 9 | BB32: 6 | BC32: 3 | BD32: 2 | BE32: 3 | BF32: 0.628 | BG32: 1.883 | BH32: 0 | BI32: -2.51 | BJ32: 0 | BK32: 0 | BL32: =_xlfn.XLOOKUP(BA32,$B$3:$B$35,$G$3:$G$35) -> HMT | BM32: =_xlfn.XLOOKUP(BB32,$B$3:$B$35,$G$3:$G$35) -> C1MT | BN32: =_xlfn.XLOOKUP(BC32,$B$3:$B$35,$G$3:$G$35) -> C1MT | BO32: =_xlfn.XLOOKUP(BD32,$B$3:$B$35,$G$3:$G$35) -> C1MT
B33: 13 | C33: 0.21 | D33: 2.96 | E33: 13 | F33: 15.999 | G33: O2MT | Q33: 32 | R33: 28 | S33: 1 | T33: 0.136 | U33: 307105.6 | V33: =_xlfn.XLOOKUP(Q33,$B$3:$B$35,$G$3:$G$35) -> FMT | W33: =_xlfn.XLOOKUP(R33,$B$3:$B$35,$G$3:$G$35) -> C1MT | AG33: 27 | AH33: 28 | AI33: 33 | AJ33: 1 | AK33: 109.5 | AL33: 418.4 | AM33: =_xlfn.XLOOKUP(AG33,$B$3:$B$35,$G$3:$G$35) -> SMT | AN33: =_xlfn.XLOOKUP(AH33,$B$3:$B$35,$G$3:$G$35) -> C1MT | AO33: =_xlfn.XLOOKUP(AI33,$B$3:$B$35,$G$3:$G$35) -> FMT | BA33: 23 | BB33: 18 | BC33: 15 | BD33: 20 | BE33: 3 | BF33: 0.628 | BG33: 1.883 | BH33: 0 | BI33: -2.51 | BJ33: 0 | BK33: 0 | BL33: =_xlfn.XLOOKUP(BA33,$B$3:$B$35,$G$3:$G$35) -> HMT | BM33: =_xlfn.XLOOKUP(BB33,$B$3:$B$35,$G$3:$G$35) -> C1MT | BN33: =_xlfn.XLOOKUP(BC33,$B$3:$B$35,$G$3:$G$35) -> C1MT | BO33: =_xlfn.XLOOKUP(BD33,$B$3:$B$35,$G$3:$G$35) -> HMT
B34: 21 | C34: 0.25 | D34: 3.55 | E34: 21 | F34: 32.06 | G34: SMT | Q34: 33 | R34: 28 | S34: 1 | T34: 0.136 | U34: 307105.6 | V34: =_xlfn.XLOOKUP(Q34,$B$3:$B$35,$G$3:$G$35) -> FMT | W34: =_xlfn.XLOOKUP(R34,$B$3:$B$35,$G$3:$G$35) -> C1MT | AG34: 24 | AH34: 21 | AI34: 26 | AJ34: 1 | AK34: 104.36 | AL34: 658.311 | AM34: =_xlfn.XLOOKUP(AG34,$B$3:$B$35,$G$3:$G$35) -> NMT | AN34: =_xlfn.XLOOKUP(AH34,$B$3:$B$35,$G$3:$G$35) -> SMT | AO34: =_xlfn.XLOOKUP(AI34,$B$3:$B$35,$G$3:$G$35) -> O3MT | BA34: 8 | BB34: 3 | BC34: 2 | BD34: 5 | BE34: 3 | BF34: 0.628 | BG34: 1.883 | BH34: 0 | BI34: -2.51 | BJ34: 0 | BK34: 0 | BL34: =_xlfn.XLOOKUP(BA34,$B$3:$B$35,$G$3:$G$35) -> HMT | BM34: =_xlfn.XLOOKUP(BB34,$B$3:$B$35,$G$3:$G$35) -> C1MT | BN34: =_xlfn.XLOOKUP(BC34,$B$3:$B$35,$G$3:$G$35) -> C1MT | BO34: =_xlfn.XLOOKUP(BD34,$B$3:$B$35,$G$3:$G$35) -> HMT
B35: 27 | C35: 0.25 | D35: 3.55 | E35: 27 | F35: 32.06 | G35: SMT | AG35: 19 | AH35: 15 | AI35: 20 | AJ35: 1 | AK35: 107.8 | AL35: 276.144 | AM35: =_xlfn.XLOOKUP(AG35,$B$3:$B$35,$G$3:$G$35) -> HMT | AN35: =_xlfn.XLOOKUP(AH35,$B$3:$B$35,$G$3:$G$35) -> C1MT | AO35: =_xlfn.XLOOKUP(AI35,$B$3:$B$35,$G$3:$G$35) -> HMT | BA35: 20 | BB35: 15 | BC35: 14 | BD35: 17 | BE35: 3 | BF35: 0.628 | BG35: 1.883 | BH35: 0 | BI35: -2.51 | BJ35: 0 | BK35: 0 | BL35: =_xlfn.XLOOKUP(BA35,$B$3:$B$35,$G$3:$G$35) -> HMT | BM35: =_xlfn.XLOOKUP(BB35,$B$3:$B$35,$G$3:$G$35) -> C1MT | BN35: =_xlfn.XLOOKUP(BC35,$B$3:$B$35,$G$3:$G$35) -> C1MT | BO35: =_xlfn.XLOOKUP(BD35,$B$3:$B$35,$G$3:$G$35) -> HMT
AG36: 18 | AH36: 15 | AI36: 19 | AJ36: 1 | AK36: 110.7 | AL36: 313.8 | AM36: =_xlfn.XLOOKUP(AG36,$B$3:$B$35,$G$3:$G$35) -> C1MT | AN36: =_xlfn.XLOOKUP(AH36,$B$3:$B$35,$G$3:$G$35) -> C1MT | AO36: =_xlfn.XLOOKUP(AI36,$B$3:$B$35,$G$3:$G$35) -> HMT | BA36: 19 | BB36: 15 | BC36: 14 | BD36: 16 | BE36: 3 | BF36: 0.628 | BG36: 1.883 | BH36: 0 | BI36: -2.51 | BJ36: 0 | BK36: 0 | BL36: =_xlfn.XLOOKUP(BA36,$B$3:$B$35,$G$3:$G$35) -> HMT | BM36: =_xlfn.XLOOKUP(BB36,$B$3:$B$35,$G$3:$G$35) -> C1MT | BN36: =_xlfn.XLOOKUP(BC36,$B$3:$B$35,$G$3:$G$35) -> C1MT | BO36: =_xlfn.XLOOKUP(BD36,$B$3:$B$35,$G$3:$G$35) -> HMT
AG37: 32 | AH37: 28 | AI37: 33 | AJ37: 1 | AK37: 109.1 | AL37: 644.336 | AM37: =_xlfn.XLOOKUP(AG37,$B$3:$B$35,$G$3:$G$35) -> FMT | AN37: =_xlfn.XLOOKUP(AH37,$B$3:$B$35,$G$3:$G$35) -> C1MT | AO37: =_xlfn.XLOOKUP(AI37,$B$3:$B$35,$G$3:$G$35) -> FMT | BA37: 22 | BB37: 18 | BC37: 15 | BD37: 19 | BE37: 3 | BF37: 0.628 | BG37: 1.883 | BH37: 0 | BI37: -2.51 | BJ37: 0 | BK37: 0 | BL37: =_xlfn.XLOOKUP(BA37,$B$3:$B$35,$G$3:$G$35) -> HMT | BM37: =_xlfn.XLOOKUP(BB37,$B$3:$B$35,$G$3:$G$35) -> C1MT | BN37: =_xlfn.XLOOKUP(BC37,$B$3:$B$35,$G$3:$G$35) -> C1MT | BO37: =_xlfn.XLOOKUP(BD37,$B$3:$B$35,$G$3:$G$35) -> HMT
AG38: 18 | AH38: 15 | AI38: 20 | AJ38: 1 | AK38: 110.7 | AL38: 313.8 | AM38: =_xlfn.XLOOKUP(AG38,$B$3:$B$35,$G$3:$G$35) -> C1MT | AN38: =_xlfn.XLOOKUP(AH38,$B$3:$B$35,$G$3:$G$35) -> C1MT | AO38: =_xlfn.XLOOKUP(AI38,$B$3:$B$35,$G$3:$G$35) -> HMT | BA38: 10 | BB38: 6 | BC38: 3 | BD38: 8 | BE38: 3 | BF38: 0.628 | BG38: 1.883 | BH38: 0 | BI38: -2.51 | BJ38: 0 | BK38: 0 | BL38: =_xlfn.XLOOKUP(BA38,$B$3:$B$35,$G$3:$G$35) -> HMT | BM38: =_xlfn.XLOOKUP(BB38,$B$3:$B$35,$G$3:$G$35) -> C1MT | BN38: =_xlfn.XLOOKUP(BC38,$B$3:$B$35,$G$3:$G$35) -> C1MT | BO38: =_xlfn.XLOOKUP(BD38,$B$3:$B$35,$G$3:$G$35) -> HMT
AG39: 28 | AH39: 27 | AI39: 30 | AJ39: 1 | AK39: 108.9 | AL39: 619.232 | AM39: =_xlfn.XLOOKUP(AG39,$B$3:$B$35,$G$3:$G$35) -> C1MT | AN39: =_xlfn.XLOOKUP(AH39,$B$3:$B$35,$G$3:$G$35) -> SMT | AO39: =_xlfn.XLOOKUP(AI39,$B$3:$B$35,$G$3:$G$35) -> O3MT | BA39: 8 | BB39: 3 | BC39: 2 | BD39: 1 | BE39: 3 | BF39: 0.628 | BG39: 1.883 | BH39: 0 | BI39: -2.51 | BJ39: 0 | BK39: 0 | BL39: =_xlfn.XLOOKUP(BA39,$B$3:$B$35,$G$3:$G$35) -> HMT | BM39: =_xlfn.XLOOKUP(BB39,$B$3:$B$35,$G$3:$G$35) -> C1MT | BN39: =_xlfn.XLOOKUP(BC39,$B$3:$B$35,$G$3:$G$35) -> C1MT | BO39: =_xlfn.XLOOKUP(BD39,$B$3:$B$35,$G$3:$G$35) -> HMT
AG40: 6 | AH40: 3 | AI40: 8 | AJ40: 1 | AK40: 110.7 | AL40: 313.8 | AM40: =_xlfn.XLOOKUP(AG40,$B$3:$B$35,$G$3:$G$35) -> C1MT | AN40: =_xlfn.XLOOKUP(AH40,$B$3:$B$35,$G$3:$G$35) -> C1MT | AO40: =_xlfn.XLOOKUP(AI40,$B$3:$B$35,$G$3:$G$35) -> HMT | BA40: 22 | BB40: 18 | BC40: 15 | BD40: 20 | BE40: 3 | BF40: 0.628 | BG40: 1.883 | BH40: 0 | BI40: -2.51 | BJ40: 0 | BK40: 0 | BL40: =_xlfn.XLOOKUP(BA40,$B$3:$B$35,$G$3:$G$35) -> HMT | BM40: =_xlfn.XLOOKUP(BB40,$B$3:$B$35,$G$3:$G$35) -> C1MT | BN40: =_xlfn.XLOOKUP(BC40,$B$3:$B$35,$G$3:$G$35) -> C1MT | BO40: =_xlfn.XLOOKUP(BD40,$B$3:$B$35,$G$3:$G$35) -> HMT
AG41: 28 | AH41: 27 | AI41: 29 | AJ41: 1 | AK41: 108.9 | AL41: 619.232 | AM41: =_xlfn.XLOOKUP(AG41,$B$3:$B$35,$G$3:$G$35) -> C1MT | AN41: =_xlfn.XLOOKUP(AH41,$B$3:$B$35,$G$3:$G$35) -> SMT | AO41: =_xlfn.XLOOKUP(AI41,$B$3:$B$35,$G$3:$G$35) -> O3MT | BA41: 11 | BB41: 6 | BC41: 3 | BD41: 8 | BE41: 3 | BF41: 0.628 | BG41: 1.883 | BH41: 0 | BI41: -2.51 | BJ41: 0 | BK41: 0 | BL41: =_xlfn.XLOOKUP(BA41,$B$3:$B$35,$G$3:$G$35) -> HMT | BM41: =_xlfn.XLOOKUP(BB41,$B$3:$B$35,$G$3:$G$35) -> C1MT | BN41: =_xlfn.XLOOKUP(BC41,$B$3:$B$35,$G$3:$G$35) -> C1MT | BO41: =_xlfn.XLOOKUP(BD41,$B$3:$B$35,$G$3:$G$35) -> HMT
AG42: 15 | AH42: 14 | AI42: 16 | AJ42: 1 | AK42: 110.7 | AL42: 313.8 | AM42: =_xlfn.XLOOKUP(AG42,$B$3:$B$35,$G$3:$G$35) -> C1MT | AN42: =_xlfn.XLOOKUP(AH42,$B$3:$B$35,$G$3:$G$35) -> C1MT | AO42: =_xlfn.XLOOKUP(AI42,$B$3:$B$35,$G$3:$G$35) -> HMT | BA42: 19 | BB42: 15 | BC42: 14 | BD42: 17 | BE42: 3 | BF42: 0.628 | BG42: 1.883 | BH42: 0 | BI42: -2.51 | BJ42: 0 | BK42: 0 | BL42: =_xlfn.XLOOKUP(BA42,$B$3:$B$35,$G$3:$G$35) -> HMT | BM42: =_xlfn.XLOOKUP(BB42,$B$3:$B$35,$G$3:$G$35) -> C1MT | BN42: =_xlfn.XLOOKUP(BC42,$B$3:$B$35,$G$3:$G$35) -> C1MT | BO42: =_xlfn.XLOOKUP(BD42,$B$3:$B$35,$G$3:$G$35) -> HMT
AG43: 21 | AH43: 18 | AI43: 23 | AJ43: 1 | AK43: 109.5 | AL43: 292.88 | AM43: =_xlfn.XLOOKUP(AG43,$B$3:$B$35,$G$3:$G$35) -> SMT | AN43: =_xlfn.XLOOKUP(AH43,$B$3:$B$35,$G$3:$G$35) -> C1MT | AO43: =_xlfn.XLOOKUP(AI43,$B$3:$B$35,$G$3:$G$35) -> HMT | BA43: 9 | BB43: 6 | BC43: 3 | BD43: 8 | BE43: 3 | BF43: 0.628 | BG43: 1.883 | BH43: 0 | BI43: -2.51 | BJ43: 0 | BK43: 0 | BL43: =_xlfn.XLOOKUP(BA43,$B$3:$B$35,$G$3:$G$35) -> HMT | BM43: =_xlfn.XLOOKUP(BB43,$B$3:$B$35,$G$3:$G$35) -> C1MT | BN43: =_xlfn.XLOOKUP(BC43,$B$3:$B$35,$G$3:$G$35) -> C1MT | BO43: =_xlfn.XLOOKUP(BD43,$B$3:$B$35,$G$3:$G$35) -> HMT
AG44: 31 | AH44: 28 | AI44: 32 | AJ44: 1 | AK44: 109.1 | AL44: 644.336 | AM44: =_xlfn.XLOOKUP(AG44,$B$3:$B$35,$G$3:$G$35) -> FMT | AN44: =_xlfn.XLOOKUP(AH44,$B$3:$B$35,$G$3:$G$35) -> C1MT | AO44: =_xlfn.XLOOKUP(AI44,$B$3:$B$35,$G$3:$G$35) -> FMT | BA44: 23 | BB44: 18 | BC44: 15 | BD44: 19 | BE44: 3 | BF44: 0.628 | BG44: 1.883 | BH44: 0 | BI44: -2.51 | BJ44: 0 | BK44: 0 | BL44: =_xlfn.XLOOKUP(BA44,$B$3:$B$35,$G$3:$G$35) -> HMT | BM44: =_xlfn.XLOOKUP(BB44,$B$3:$B$35,$G$3:$G$35) -> C1MT | BN44: =_xlfn.XLOOKUP(BC44,$B$3:$B$35,$G$3:$G$35) -> C1MT | BO44: =_xlfn.XLOOKUP(BD44,$B$3:$B$35,$G$3:$G$35) -> HMT
AG45: 31 | AH45: 28 | AI45: 33 | AJ45: 1 | AK45: 109.1 | AL45: 644.336 | AM45: =_xlfn.XLOOKUP(AG45,$B$3:$B$35,$G$3:$G$35) -> FMT | AN45: =_xlfn.XLOOKUP(AH45,$B$3:$B$35,$G$3:$G$35) -> C1MT | AO45: =_xlfn.XLOOKUP(AI45,$B$3:$B$35,$G$3:$G$35) -> FMT | BA45: 8 | BB45: 3 | BC45: 2 | BD45: 4 | BE45: 3 | BF45: 0.628 | BG45: 1.883 | BH45: 0 | BI45: -2.51 | BJ45: 0 | BK45: 0 | BL45: =_xlfn.XLOOKUP(BA45,$B$3:$B$35,$G$3:$G$35) -> HMT | BM45: =_xlfn.XLOOKUP(BB45,$B$3:$B$35,$G$3:$G$35) -> C1MT | BN45: =_xlfn.XLOOKUP(BC45,$B$3:$B$35,$G$3:$G$35) -> C1MT | BO45: =_xlfn.XLOOKUP(BD45,$B$3:$B$35,$G$3:$G$35) -> HMT
AG46: 7 | AH46: 3 | AI46: 8 | AJ46: 1 | AK46: 109.5 | AL46: 292.88 | AM46: =_xlfn.XLOOKUP(AG46,$B$3:$B$35,$G$3:$G$35) -> C2MT | AN46: =_xlfn.XLOOKUP(AH46,$B$3:$B$35,$G$3:$G$35) -> C1MT | AO46: =_xlfn.XLOOKUP(AI46,$B$3:$B$35,$G$3:$G$35) -> HMT | BA46: 20 | BB46: 15 | BC46: 14 | BD46: 16 | BE46: 3 | BF46: 0.628 | BG46: 1.883 | BH46: 0 | BI46: -2.51 | BJ46: 0 | BK46: 0 | BL46: =_xlfn.XLOOKUP(BA46,$B$3:$B$35,$G$3:$G$35) -> HMT | BM46: =_xlfn.XLOOKUP(BB46,$B$3:$B$35,$G$3:$G$35) -> C1MT | BN46: =_xlfn.XLOOKUP(BC46,$B$3:$B$35,$G$3:$G$35) -> C1MT | BO46: =_xlfn.XLOOKUP(BD46,$B$3:$B$35,$G$3:$G$35) -> HMT
AG47: 16 | AH47: 14 | AI47: 17 | AJ47: 1 | AK47: 107.8 | AL47: 276.144 | AM47: =_xlfn.XLOOKUP(AG47,$B$3:$B$35,$G$3:$G$35) -> HMT | AN47: =_xlfn.XLOOKUP(AH47,$B$3:$B$35,$G$3:$G$35) -> C1MT | AO47: =_xlfn.XLOOKUP(AI47,$B$3:$B$35,$G$3:$G$35) -> HMT | BA47: 20 | BB47: 15 | BC47: 14 | BD47: 12 | BE47: 3 | BF47: 0.979 | BG47: 2.937 | BH47: 0 | BI47: -3.916 | BJ47: 0 | BK47: 0 | BL47: =_xlfn.XLOOKUP(BA47,$B$3:$B$35,$G$3:$G$35) -> HMT | BM47: =_xlfn.XLOOKUP(BB47,$B$3:$B$35,$G$3:$G$35) -> C1MT | BN47: =_xlfn.XLOOKUP(BC47,$B$3:$B$35,$G$3:$G$35) -> C1MT | BO47: =_xlfn.XLOOKUP(BD47,$B$3:$B$35,$G$3:$G$35) -> O1MT
... AG61: 29 | AH61: 27 | AI61: 30 | AJ61: 1 | AK61: 119 | AL61: 870.272 | AM61: =_xlfn.XLOOKUP(AG61,$B$3:$B$35,$G$3:$G$35) -> O3MT | AN61: =_xlfn.XLOOKUP(AH61,$B$3:$B$35,$G$3:$G$35) -> SMT | AO61: =_xlfn.XLOOKUP(AI61,$B$3:$B$35,$G$3:$G$35) -> O3MT | BA61: 26 | BB61: 21 | BC61: 18 | BD61: 15 | BE61: 3 | BF61: 0 | BG61: 0 | BH61: 0 | BI61: 0 | BJ61: 0 | BK61: 0 | BL61: =_xlfn.XLOOKUP(BA61,$B$3:$B$35,$G$3:$G$35) -> O3MT | BM61: =_xlfn.XLOOKUP(BB61,$B$3:$B$35,$G$3:$G$35) -> SMT | BN61: =_xlfn.XLOOKUP(BC61,$B$3:$B$35,$G$3:$G$35) -> C1MT | BO61: =_xlfn.XLOOKUP(BD61,$B$3:$B$35,$G$3:$G$35) -> C1MT
BA62: 26 | BB62: 21 | BC62: 18 | BD62: 23 | BE62: 3 | BF62: 0.732 | BG62: 2.197 | BH62: 0 | BI62: -2.929 | BJ62: 0 | BK62: 0 | BL62: =_xlfn.XLOOKUP(BA62,$B$3:$B$35,$G$3:$G$35) -> O3MT | BM62: =_xlfn.XLOOKUP(BB62,$B$3:$B$35,$G$3:$G$35) -> SMT | BN62: =_xlfn.XLOOKUP(BC62,$B$3:$B$35,$G$3:$G$35) -> C1MT | BO62: =_xlfn.XLOOKUP(BD62,$B$3:$B$35,$G$3:$G$35) -> HMT
BA63: 26 | BB63: 21 | BC63: 18 | BD63: 22 | BE63: 3 | BF63: 0.732 | BG63: 2.197 | BH63: 0 | BI63: -2.929 | BJ63: 0 | BK63: 0 | BL63: =_xlfn.XLOOKUP(BA63,$B$3:$B$35,$G$3:$G$35) -> O3MT | BM63: =_xlfn.XLOOKUP(BB63,$B$3:$B$35,$G$3:$G$35) -> SMT | BN63: =_xlfn.XLOOKUP(BC63,$B$3:$B$35,$G$3:$G$35) -> C1MT | BO63: =_xlfn.XLOOKUP(BD63,$B$3:$B$35,$G$3:$G$35) -> HMT
BA64: 25 | BB64: 21 | BC64: 18 | BD64: 23 | BE64: 3 | BF64: 0.732 | BG64: 2.197 | BH64: 0 | BI64: -2.929 | BJ64: 0 | BK64: 0 | BL64: =_xlfn.XLOOKUP(BA64,$B$3:$B$35,$G$3:$G$35) -> O3MT | BM64: =_xlfn.XLOOKUP(BB64,$B$3:$B$35,$G$3:$G$35) -> SMT | BN64: =_xlfn.XLOOKUP(BC64,$B$3:$B$35,$G$3:$G$35) -> C1MT | BO64: =_xlfn.XLOOKUP(BD64,$B$3:$B$35,$G$3:$G$35) -> HMT
BA65: 25 | BB65: 21 | BC65: 18 | BD65: 22 | BE65: 3 | BF65: 0.732 | BG65: 2.197 | BH65: 0 | BI65: -2.929 | BJ65: 0 | BK65: 0 | BL65: =_xlfn.XLOOKUP(BA65,$B$3:$B$35,$G$3:$G$35) -> O3MT | BM65: =_xlfn.XLOOKUP(BB65,$B$3:$B$35,$G$3:$G$35) -> SMT | BN65: =_xlfn.XLOOKUP(BC65,$B$3:$B$35,$G$3:$G$35) -> C1MT | BO65: =_xlfn.XLOOKUP(BD65,$B$3:$B$35,$G$3:$G$35) -> HMT
BA66: 29 | BB66: 27 | BC66: 24 | BD66: 21 | BE66: 3 | BF66: 0 | BG66: 0 | BH66: 0 | BI66: 0 | BJ66: 0 | BK66: 0 | BL66: =_xlfn.XLOOKUP(BA66,$B$3:$B$35,$G$3:$G$35) -> O3MT | BM66: =_xlfn.XLOOKUP(BB66,$B$3:$B$35,$G$3:$G$35) -> SMT | BN66: =_xlfn.XLOOKUP(BC66,$B$3:$B$35,$G$3:$G$35) -> NMT | BO66: =_xlfn.XLOOKUP(BD66,$B$3:$B$35,$G$3:$G$35) -> SMT
BA67: 30 | BB67: 27 | BC67: 24 | BD67: 21 | BE67: 3 | BF67: 0 | BG67: 0 | BH67: 0 | BI67: 0 | BJ67: 0 | BK67: 0 | BL67: =_xlfn.XLOOKUP(BA67,$B$3:$B$35,$G$3:$G$35) -> O3MT | BM67: =_xlfn.XLOOKUP(BB67,$B$3:$B$35,$G$3:$G$35) -> SMT | BN67: =_xlfn.XLOOKUP(BC67,$B$3:$B$35,$G$3:$G$35) -> NMT | BO67: =_xlfn.XLOOKUP(BD67,$B$3:$B$35,$G$3:$G$35) -> SMT
BA68: 21 | BB68: 18 | BC68: 15 | BD68: 14 | BE68: 3 | BF68: 2.784 | BG68: 0.278 | BH68: 0.828 | BI68: -3.891 | BJ68: 0 | BK68: 0 | BL68: =_xlfn.XLOOKUP(BA68,$B$3:$B$35,$G$3:$G$35) -> SMT | BM68: =_xlfn.XLOOKUP(BB68,$B$3:$B$35,$G$3:$G$35) -> C1MT | BN68: =_xlfn.XLOOKUP(BC68,$B$3:$B$35,$G$3:$G$35) -> C1MT | BO68: =_xlfn.XLOOKUP(BD68,$B$3:$B$35,$G$3:$G$35) -> C1MT
BA69: 21 | BB69: 18 | BC69: 15 | BD69: 19 | BE69: 3 | BF69: 0.946 | BG69: 2.837 | BH69: 0 | BI69: -3.782 | BJ69: 0 | BK69: 0 | BL69: =_xlfn.XLOOKUP(BA69,$B$3:$B$35,$G$3:$G$35) -> SMT | BM69: =_xlfn.XLOOKUP(BB69,$B$3:$B$35,$G$3:$G$35) -> C1MT | BN69: =_xlfn.XLOOKUP(BC69,$B$3:$B$35,$G$3:$G$35) -> C1MT | BO69: =_xlfn.XLOOKUP(BD69,$B$3:$B$35,$G$3:$G$35) -> HMT
BA70: 21 | BB70: 18 | BC70: 15 | BD70: 20 | BE70: 3 | BF70: 0.946 | BG70: 2.837 | BH70: 0 | BI70: -3.782 | BJ70: 0 | BK70: 0 | BL70: =_xlfn.XLOOKUP(BA70,$B$3:$B$35,$G$3:$G$35) -> SMT | BM70: =_xlfn.XLOOKUP(BB70,$B$3:$B$35,$G$3:$G$35) -> C1MT | BN70: =_xlfn.XLOOKUP(BC70,$B$3:$B$35,$G$3:$G$35) -> C1MT | BO70: =_xlfn.XLOOKUP(BD70,$B$3:$B$35,$G$3:$G$35) -> HMT
BA71: 27 | BB71: 24 | BC71: 21 | BD71: 18 | BE71: 3 | BF71: -15.611 | BG71: 0.703 | BH71: 20.506 | BI71: -5.598 | BJ71: 0 | BK71: 0 | BL71: =_xlfn.XLOOKUP(BA71,$B$3:$B$35,$G$3:$G$35) -> SMT | BM71: =_xlfn.XLOOKUP(BB71,$B$3:$B$35,$G$3:$G$35) -> NMT | BN71: =_xlfn.XLOOKUP(BC71,$B$3:$B$35,$G$3:$G$35) -> SMT | BO71: =_xlfn.XLOOKUP(BD71,$B$3:$B$35,$G$3:$G$35) -> C1MT
BA72: 27 | BB72: 24 | BC72: 21 | BD72: 26 | BE72: 3 | BF72: 0 | BG72: 0 | BH72: 0 | BI72: 0 | BJ72: 0 | BK72: 0 | BL72: =_xlfn.XLOOKUP(BA72,$B$3:$B$35,$G$3:$G$35) -> SMT | BM72: =_xlfn.XLOOKUP(BB72,$B$3:$B$35,$G$3:$G$35) -> NMT | BN72: =_xlfn.XLOOKUP(BC72,$B$3:$B$35,$G$3:$G$35) -> SMT | BO72: =_xlfn.XLOOKUP(BD72,$B$3:$B$35,$G$3:$G$35) -> O3MT
BA73: 27 | BB73: 24 | BC73: 21 | BD73: 25 | BE73: 3 | BF73: 0 | BG73: 0 | BH73: 0 | BI73: 0 | BJ73: 0 | BK73: 0 | BL73: =_xlfn.XLOOKUP(BA73,$B$3:$B$35,$G$3:$G$35) -> SMT | BM73: =_xlfn.XLOOKUP(BB73,$B$3:$B$35,$G$3:$G$35) -> NMT | BN73: =_xlfn.XLOOKUP(BC73,$B$3:$B$35,$G$3:$G$35) -> SMT | BO73: =_xlfn.XLOOKUP(BD73,$B$3:$B$35,$G$3:$G$35) -> O3MT

Sheet VEC_LMP_GMX_UniqueMap
A1: Step1: Copy LJ params and masses from Ligpargen LMP file | B1: From LigPargen LMP file | C1: ATOM TYPES | G1: Assign types manually | I1: Select those which are unique | N1: Unique types | Q1: From LigPargen ITP file | R1: BOND TYPES | V1: Assign types manually | Y1: Select those which are unique | AG1: From LigPargen ITP file | AH1: ANGLE TYPES | AM1: Assign types manually | AQ1: Select those which are unique | BA1: From LigPargen ITP file | BB1: DIHEDRAL TYPES | BL1: Assign types manually | BQ1: Select those which are unique
A2: Step2: Order according to Lj params epsilon and sigma | B2: ID | C2: LJ epsilon | D2: LJ sigma | E2: ID | F2: mass | G2: type | I2: ID | J2: LJ epsilon | K2: Lj sigma | L2: ID | M2: mass | N2: type | Q2: ID-1 | R2: ID-2 | S2: funct | T2: r0 | U2: k | V2: type-1 | W2: type-2 | Y2: ID-1 | Z2: ID-2 | AA2: funct | AB2: r0 | AC2: k | AD2: type-1 | AE2: type-2 | AG2: ID-1 | AH2: ID-2 | AI2: ID-3 | AJ2: funct | AK2: theta_0 | AL2: k | AM2: type-1 | AN2: type-2 | AO2: type-3 | AQ2: ID-1 | AR2: ID-2 | AS2: ID-3 | AT2: funct | AU2: theta_0 | AV2: k | AW2: type-1 | AX2: type-2 | AY2: type-3 | BA2: ID-1 | BB2: ID-2 | BC2: ID-3 | BD2: ID-4 | BE2: funct | BF2: c0 | BG2: c1 | BH2: c2 | BI2: c3 | BJ2: c4 | BK2: c5 | BL2: type-1 | BM2: type-2 | BN2: type-3 | BO2: type-4 | BQ2: ID-1 | BR2: ID-2 | BS2: ID-3 | BT2: ID-4 | BU2: funct | BV2: c0 | BW2: c1 | BX2: c2 | BY2: c3 | BZ2: c4 | CA2: c5 | CB2: type-1 | CC2: type-2 | CD2: type-3 | CE2: type-4
A3: Step3: Reorder sigma values | B3: 1 | C3: 0.03 | D3: 2.5 | E3: 1 | F3: 1.008 | G3: HV | I3: 1 | J3: 0.03 | K3: 2.5 | L3: 1 | M3: 1.008 | N3: HV | Q3: 2 | R3: 1 | S3: 1 | T3: 0.109 | U3: 284512 | V3: =_xlfn.XLOOKUP(Q3,$B$3:$B$18,$G$3:$G$18) -> C1V | W3: =_xlfn.XLOOKUP(R3,$B$3:$B$18,$G$3:$G$18) -> HV | Y3: 2 | Z3: 1 | AA3: 1 | AB3: 0.109 | AC3: 284512 | AD3: =_xlfn.XLOOKUP(Y3,$B$3:$B$18,$G$3:$G$18) -> C1V | AE3: =_xlfn.XLOOKUP(Z3,$B$3:$B$18,$G$3:$G$18) -> HV | AG3: 1 | AH3: 2 | AI3: 3 | AJ3: 1 | AK3: 110.7 | AL3: 313.8 | AM3: =_xlfn.XLOOKUP(AG3,$B$3:$B$18,$G$3:$G$18) -> HV | AN3: =_xlfn.XLOOKUP(AH3,$B$3:$B$18,$G$3:$G$18) -> C1V | AO3: =_xlfn.XLOOKUP(AI3,$B$3:$B$18,$G$3:$G$18) -> C1V | AQ3: 1 | AR3: 2 | AS3: 4 | AT3: 1 | AU3: 107.8 | AV3: 276.144 | AW3: =_xlfn.XLOOKUP(AQ3,$B$3:$B$18,$G$3:$G$18) -> HV | AX3: =_xlfn.XLOOKUP(AR3,$B$3:$B$18,$G$3:$G$18) -> C1V | AY3: =_xlfn.XLOOKUP(AS3,$B$3:$B$18,$G$3:$G$18) -> HV | BA3: 12 | BB3: 9 | BC3: 6 | BD3: 3 | BE3: 3 | BF3: -2.197 | BG3: 5.201 | BH3: 0.527 | BI3: -3.531 | BJ3: 0 | BK3: 0 | BL3: =_xlfn.XLOOKUP(BA3,$B$3:$B$18,$G$3:$G$18) -> C2V | BM3: =_xlfn.XLOOKUP(BB3,$B$3:$B$18,$G$3:$G$18) -> O1V | BN3: =_xlfn.XLOOKUP(BC3,$B$3:$B$18,$G$3:$G$18) -> C1V | BO3: =_xlfn.XLOOKUP(BD3,$B$3:$B$18,$G$3:$G$18) -> C1V | BQ3: 12 | BR3: 9 | BS3: 6 | BT3: 3 | BU3: 3 | BV3: -2.197 | BW3: 5.201 | BX3: 0.527 | BY3: -3.531 | BZ3: 0 | CA3: 0 | CB3: =_xlfn.XLOOKUP(BQ3,$B$3:$B$18,$G$3:$G$18) -> C2V | CC3: =_xlfn.XLOOKUP(BR3,$B$3:$B$18,$G$3:$G$18) -> O1V | CD3: =_xlfn.XLOOKUP(BS3,$B$3:$B$18,$G$3:$G$18) -> C1V | CE3: =_xlfn.XLOOKUP(BT3,$B$3:$B$18,$G$3:$G$18) -> C1V
A4: Step4: Assign types manually (Column G) | B4: 4 | C4: 0.03 | D4: 2.5 | E4: 4 | F4: 1.008 | G4: HV | I4: 9 | J4: 0.14 | K4: 2.9 | L4: 9 | M4: 15.999 | N4: O1V | Q4: 3 | R4: 2 | S4: 1 | T4: 0.1529 | U4: 224262.4 | V4: =_xlfn.XLOOKUP(Q4,$B$3:$B$18,$G$3:$G$18) -> C1V | W4: =_xlfn.XLOOKUP(R4,$B$3:$B$18,$G$3:$G$18) -> C1V | Y4: 16 | Z4: 12 | AA4: 1 | AB4: 0.1229 | AC4: 476976 | AD4: =_xlfn.XLOOKUP(Y4,$B$3:$B$18,$G$3:$G$18) -> O2V | AE4: =_xlfn.XLOOKUP(Z4,$B$3:$B$18,$G$3:$G$18) -> C2V | AG4: 1 | AH4: 2 | AI4: 4 | AJ4: 1 | AK4: 107.8 | AL4: 276.144 | AM4: =_xlfn.XLOOKUP(AG4,$B$3:$B$18,$G$3:$G$18) -> HV | AN4: =_xlfn.XLOOKUP(AH4,$B$3:$B$18,$G$3:$G$18) -> C1V | AO4: =_xlfn.XLOOKUP(AI4,$B$3:$B$18,$G$3:$G$18) -> HV | AQ4: 13 | AR4: 10 | AS4: 14 | AT4: 1 | AU4: 109.5 | AV4: 292.88 | AW4: =_xlfn.XLOOKUP(AQ4,$B$3:$B$18,$G$3:$G$18) -> O1V | AX4: =_xlfn.XLOOKUP(AR4,$B$3:$B$18,$G$3:$G$18) -> C1V | AY4: =_xlfn.XLOOKUP(AS4,$B$3:$B$18,$G$3:$G$18) -> HV | BA4: 12 | BB4: 13 | BC4: 10 | BD4: 6 | BE4: 3 | BF4: -2.197 | BG4: 5.201 | BH4: 0.527 | BI4: -3.531 | BJ4: 0 | BK4: 0 | BL4: =_xlfn.XLOOKUP(BA4,$B$3:$B$18,$G$3:$G$18) -> C2V | BM4: =_xlfn.XLOOKUP(BB4,$B$3:$B$18,$G$3:$G$18) -> O1V | BN4: =_xlfn.XLOOKUP(BC4,$B$3:$B$18,$G$3:$G$18) -> C1V | BO4: =_xlfn.XLOOKUP(BD4,$B$3:$B$18,$G$3:$G$18) -> C1V | BQ4: 13 | BR4: 10 | BS4: 6 | BT4: 9 | BU4: 3 | BV4: -1.151 | BW4: 1.151 | BX4: 0 | BY4: 0 | BZ4: 0 | CA4: 0 | CB4: =_xlfn.XLOOKUP(BQ4,$B$3:$B$18,$G$3:$G$18) -> O1V | CC4: =_xlfn.XLOOKUP(BR4,$B$3:$B$18,$G$3:$G$18) -> C1V | CD4: =_xlfn.XLOOKUP(BS4,$B$3:$B$18,$G$3:$G$18) -> C1V | CE4: =_xlfn.XLOOKUP(BT4,$B$3:$B$18,$G$3:$G$18) -> O1V
A5: Step5: Copy cols B-G and remove duplicates | B5: 5 | C5: 0.03 | D5: 2.5 | E5: 5 | F5: 1.008 | G5: HV | I5: 16 | J5: 0.21 | K5: 2.96 | L5: 16 | M5: 15.999 | N5: O2V | Q5: 4 | R5: 2 | S5: 1 | T5: 0.109 | U5: 284512 | V5: =_xlfn.XLOOKUP(Q5,$B$3:$B$18,$G$3:$G$18) -> HV | W5: =_xlfn.XLOOKUP(R5,$B$3:$B$18,$G$3:$G$18) -> C1V | Y5: 12 | Z5: 9 | AA5: 1 | AB5: 0.1327 | AC5: 179075.2 | AD5: =_xlfn.XLOOKUP(Y5,$B$3:$B$18,$G$3:$G$18) -> C2V | AE5: =_xlfn.XLOOKUP(Z5,$B$3:$B$18,$G$3:$G$18) -> O1V | AG5: 1 | AH5: 2 | AI5: 5 | AJ5: 1 | AK5: 107.8 | AL5: 276.144 | AM5: =_xlfn.XLOOKUP(AG5,$B$3:$B$18,$G$3:$G$18) -> HV | AN5: =_xlfn.XLOOKUP(AH5,$B$3:$B$18,$G$3:$G$18) -> C1V | AO5: =_xlfn.XLOOKUP(AI5,$B$3:$B$18,$G$3:$G$18) -> HV | AQ5: 1 | AR5: 2 | AS5: 3 | AT5: 1 | AU5: 110.7 | AV5: 313.8 | AW5: =_xlfn.XLOOKUP(AQ5,$B$3:$B$18,$G$3:$G$18) -> HV | AX5: =_xlfn.XLOOKUP(AR5,$B$3:$B$18,$G$3:$G$18) -> C1V | AY5: =_xlfn.XLOOKUP(AS5,$B$3:$B$18,$G$3:$G$18) -> C1V | BA5: 12 | BB5: 9 | BC5: 6 | BD5: 10 | BE5: 3 | BF5: -2.197 | BG5: 5.201 | BH5: 0.527 | BI5: -3.531 | BJ5: 0 | BK5: 0 | BL5: =_xlfn.XLOOKUP(BA5,$B$3:$B$18,$G$3:$G$18) -> C2V | BM5: =_xlfn.XLOOKUP(BB5,$B$3:$B$18,$G$3:$G$18) -> O1V | BN5: =_xlfn.XLOOKUP(BC5,$B$3:$B$18,$G$3:$G$18) -> C1V | BO5: =_xlfn.XLOOKUP(BD5,$B$3:$B$18,$G$3:$G$18) -> C1V | BQ5: 12 | BR5: 9 | BS5: 6 | BT5: 11 | BU5: 3 | BV5: 0.414 | BW5: 1.243 | BX5: 0 | BY5: -1.657 | BZ5: 0 | CA5: 0 | CB5: =_xlfn.XLOOKUP(BQ5,$B$3:$B$18,$G$3:$G$18) -> C2V | CC5: =_xlfn.XLOOKUP(BR5,$B$3:$B$18,$G$3:$G$18) -> O1V | CD5: =_xlfn.XLOOKUP(BS5,$B$3:$B$18,$G$3:$G$18) -> C1V | CE5: =_xlfn.XLOOKUP(BT5,$B$3:$B$18,$G$3:$G$18) -> HV
A6: Step6: CROSS CHECK (IMPORTANT) | B6: 7 | C6: 0.03 | D6: 2.5 | E6: 7 | F6: 1.008 | G6: HV | I6: 2 | J6: 0.066 | K6: 3.5 | L6: 2 | M6: 12.011 | N6: C1V | Q6: 5 | R6: 2 | S6: 1 | T6: 0.109 | U6: 284512 | V6: =_xlfn.XLOOKUP(Q6,$B$3:$B$18,$G$3:$G$18) -> HV | W6: =_xlfn.XLOOKUP(R6,$B$3:$B$18,$G$3:$G$18) -> C1V | Y6: 9 | Z6: 6 | AA6: 1 | AB6: 0.141 | AC6: 267776 | AD6: =_xlfn.XLOOKUP(Y6,$B$3:$B$18,$G$3:$G$18) -> O1V | AE6: =_xlfn.XLOOKUP(Z6,$B$3:$B$18,$G$3:$G$18) -> C1V | AG6: 2 | AH6: 3 | AI6: 6 | AJ6: 1 | AK6: 112.7 | AL6: 488.273 | AM6: =_xlfn.XLOOKUP(AG6,$B$3:$B$18,$G$3:$G$18) -> C1V | AN6: =_xlfn.XLOOKUP(AH6,$B$3:$B$18,$G$3:$G$18) -> C1V | AO6: =_xlfn.XLOOKUP(AI6,$B$3:$B$18,$G$3:$G$18) -> C1V | AQ6: 3 | AR6: 6 | AS6: 9 | AT6: 1 | AU6: 109.5 | AV6: 418.4 | AW6: =_xlfn.XLOOKUP(AQ6,$B$3:$B$18,$G$3:$G$18) -> C1V | AX6: =_xlfn.XLOOKUP(AR6,$B$3:$B$18,$G$3:$G$18) -> C1V | AY6: =_xlfn.XLOOKUP(AS6,$B$3:$B$18,$G$3:$G$18) -> O1V | BA6: 12 | BB6: 9 | BC6: 6 | BD6: 11 | BE6: 3 | BF6: 0.414 | BG6: 1.243 | BH6: 0 | BI6: -1.657 | BJ6: 0 | BK6: 0 | BL6: =_xlfn.XLOOKUP(BA6,$B$3:$B$18,$G$3:$G$18) -> C2V | BM6: =_xlfn.XLOOKUP(BB6,$B$3:$B$18,$G$3:$G$18) -> O1V | BN6: =_xlfn.XLOOKUP(BC6,$B$3:$B$18,$G$3:$G$18) -> C1V | BO6: =_xlfn.XLOOKUP(BD6,$B$3:$B$18,$G$3:$G$18) -> HV | BQ6: 10 | BR6: 6 | BS6: 3 | BT6: 7 | BU6: 3 | BV6: 0.628 | BW6: 1.883 | BX6: 0 | BY6: -2.51 | BZ6: 0 | CA6: 0 | CB6: =_xlfn.XLOOKUP(BQ6,$B$3:$B$18,$G$3:$G$18) -> C1V | CC6: =_xlfn.XLOOKUP(BR6,$B$3:$B$18,$G$3:$G$18) -> C1V | CD6: =_xlfn.XLOOKUP(BS6,$B$3:$B$18,$G$3:$G$18) -> C1V | CE6: =_xlfn.XLOOKUP(BT6,$B$3:$B$18,$G$3:$G$18) -> HV
A7: Step7: Copy Bond info from GROMACS itp | B7: 8 | C7: 0.03 | D7: 2.5 | E7: 8 | F7: 1.008 | G7: HV | I7: 12 | J7: 0.07 | K7: 3.55 | L7: 12 | M7: 12.011 | N7: C2V | Q7: 6 | R7: 3 | S7: 1 | T7: 0.1529 | U7: 224262.4 | V7: =_xlfn.XLOOKUP(Q7,$B$3:$B$18,$G$3:$G$18) -> C1V | W7: =_xlfn.XLOOKUP(R7,$B$3:$B$18,$G$3:$G$18) -> C1V | Y7: 3 | Z7: 2 | AA7: 1 | AB7: 0.1529 | AC7: 224262.4 | AD7: =_xlfn.XLOOKUP(Y7,$B$3:$B$18,$G$3:$G$18) -> C1V | AE7: =_xlfn.XLOOKUP(Z7,$B$3:$B$18,$G$3:$G$18) -> C1V | AG7: 2 | AH7: 3 | AI7: 7 | AJ7: 1 | AK7: 110.7 | AL7: 313.8 | AM7: =_xlfn.XLOOKUP(AG7,$B$3:$B$18,$G$3:$G$18) -> C1V | AN7: =_xlfn.XLOOKUP(AH7,$B$3:$B$18,$G$3:$G$18) -> C1V | AO7: =_xlfn.XLOOKUP(AI7,$B$3:$B$18,$G$3:$G$18) -> HV | AQ7: 2 | AR7: 3 | AS7: 6 | AT7: 1 | AU7: 112.7 | AV7: 488.273 | AW7: =_xlfn.XLOOKUP(AQ7,$B$3:$B$18,$G$3:$G$18) -> C1V | AX7: =_xlfn.XLOOKUP(AR7,$B$3:$B$18,$G$3:$G$18) -> C1V | AY7: =_xlfn.XLOOKUP(AS7,$B$3:$B$18,$G$3:$G$18) -> C1V | BA7: 10 | BB7: 6 | BC7: 3 | BD7: 2 | BE7: 3 | BF7: 2.301 | BG7: -1.464 | BH7: 0.837 | BI7: -1.674 | BJ7: 0 | BK7: 0 | BL7: =_xlfn.XLOOKUP(BA7,$B$3:$B$18,$G$3:$G$18) -> C1V | BM7: =_xlfn.XLOOKUP(BB7,$B$3:$B$18,$G$3:$G$18) -> C1V | BN7: =_xlfn.XLOOKUP(BC7,$B$3:$B$18,$G$3:$G$18) -> C1V | BO7: =_xlfn.XLOOKUP(BD7,$B$3:$B$18,$G$3:$G$18) -> C1V | BQ7: 14 | BR7: 10 | BS7: 6 | BT7: 11 | BU7: 3 | BV7: 0.628 | BW7: 1.883 | BX7: 0 | BY7: -2.51 | BZ7: 0 | CA7: 0 | CB7: =_xlfn.XLOOKUP(BQ7,$B$3:$B$18,$G$3:$G$18) -> HV | CC7: =_xlfn.XLOOKUP(BR7,$B$3:$B$18,$G$3:$G$18) -> C1V | CD7: =_xlfn.XLOOKUP(BS7,$B$3:$B$18,$G$3:$G$18) -> C1V | CE7: =_xlfn.XLOOKUP(BT7,$B$3:$B$18,$G$3:$G$18) -> HV
A8: Step8: Assign values based on ID on 1st and 2nd atom using type by crosschecking with Cols B and H. See the command in the column | B8: 11 | C8: 0.03 | D8: 2.5 | E8: 11 | F8: 1.008 | G8: HV | Q8: 7 | R8: 3 | S8: 1 | T8: 0.109 | U8: 284512 | V8: =_xlfn.XLOOKUP(Q8,$B$3:$B$18,$G$3:$G$18) -> HV | W8: =_xlfn.XLOOKUP(R8,$B$3:$B$18,$G$3:$G$18) -> C1V | AG8: 2 | AH8: 3 | AI8: 8 | AJ8: 1 | AK8: 110.7 | AL8: 313.8 | AM8: =_xlfn.XLOOKUP(AG8,$B$3:$B$18,$G$3:$G$18) -> C1V | AN8: =_xlfn.XLOOKUP(AH8,$B$3:$B$18,$G$3:$G$18) -> C1V | AO8: =_xlfn.XLOOKUP(AI8,$B$3:$B$18,$G$3:$G$18) -> HV | AQ8: 9 | AR8: 12 | AS8: 13 | AT8: 1 | AU8: 118.18 | AV8: 584.923 | AW8: =_xlfn.XLOOKUP(AQ8,$B$3:$B$18,$G$3:$G$18) -> O1V | AX8: =_xlfn.XLOOKUP(AR8,$B$3:$B$18,$G$3:$G$18) -> C2V | AY8: =_xlfn.XLOOKUP(AS8,$B$3:$B$18,$G$3:$G$18) -> O1V | BA8: 10 | BB8: 6 | BC8: 3 | BD8: 7 | BE8: 3 | BF8: 0.628 | BG8: 1.883 | BH8: 0 | BI8: -2.51 | BJ8: 0 | BK8: 0 | BL8: =_xlfn.XLOOKUP(BA8,$B$3:$B$18,$G$3:$G$18) -> C1V | BM8: =_xlfn.XLOOKUP(BB8,$B$3:$B$18,$G$3:$G$18) -> C1V | BN8: =_xlfn.XLOOKUP(BC8,$B$3:$B$18,$G$3:$G$18) -> C1V | BO8: =_xlfn.XLOOKUP(BD8,$B$3:$B$18,$G$3:$G$18) -> HV | BQ8: 14 | BR8: 10 | BS8: 6 | BT8: 9 | BU8: 3 | BV8: 0.979 | BW8: 2.937 | BX8: 0 | BY8: -3.916 | BZ8: 0 | CA8: 0 | CB8: =_xlfn.XLOOKUP(BQ8,$B$3:$B$18,$G$3:$G$18) -> HV | CC8: =_xlfn.XLOOKUP(BR8,$B$3:$B$18,$G$3:$G$18) -> C1V | CD8: =_xlfn.XLOOKUP(BS8,$B$3:$B$18,$G$3:$G$18) -> C1V | CE8: =_xlfn.XLOOKUP(BT8,$B$3:$B$18,$G$3:$G$18) -> O1V
A9: Step9-10: Same as Steps 5 and 6 | B9: 14 | C9: 0.03 | D9: 2.5 | E9: 14 | F9: 1.008 | G9: HV | Q9: 8 | R9: 3 | S9: 1 | T9: 0.109 | U9: 284512 | V9: =_xlfn.XLOOKUP(Q9,$B$3:$B$18,$G$3:$G$18) -> HV | W9: =_xlfn.XLOOKUP(R9,$B$3:$B$18,$G$3:$G$18) -> C1V | AG9: 3 | AH9: 6 | AI9: 9 | AJ9: 1 | AK9: 109.5 | AL9: 418.4 | AM9: =_xlfn.XLOOKUP(AG9,$B$3:$B$18,$G$3:$G$18) -> C1V | AN9: =_xlfn.XLOOKUP(AH9,$B$3:$B$18,$G$3:$G$18) -> C1V | AO9: =_xlfn.XLOOKUP(AI9,$B$3:$B$18,$G$3:$G$18) -> O1V | AQ9: 6 | AR9: 9 | AS9: 12 | AT9: 1 | AU9: 116.9 | AV9: 694.544 | AW9: =_xlfn.XLOOKUP(AQ9,$B$3:$B$18,$G$3:$G$18) -> C1V | AX9: =_xlfn.XLOOKUP(AR9,$B$3:$B$18,$G$3:$G$18) -> O1V | AY9: =_xlfn.XLOOKUP(AS9,$B$3:$B$18,$G$3:$G$18) -> C2V | BA9: 6 | BB9: 3 | BC9: 2 | BD9: 1 | BE9: 3 | BF9: 0.628 | BG9: 1.883 | BH9: 0 | BI9: -2.51 | BJ9: 0 | BK9: 0 | BL9: =_xlfn.XLOOKUP(BA9,$B$3:$B$18,$G$3:$G$18) -> C1V | BM9: =_xlfn.XLOOKUP(BB9,$B$3:$B$18,$G$3:$G$18) -> C1V | BN9: =_xlfn.XLOOKUP(BC9,$B$3:$B$18,$G$3:$G$18) -> C1V | BO9: =_xlfn.XLOOKUP(BD9,$B$3:$B$18,$G$3:$G$18) -> HV | BQ9: 10 | BR9: 6 | BS9: 3 | BT9: 2 | BU9: 3 | BV9: 2.301 | BW9: -1.464 | BX9: 0.837 | BY9: -1.674 | BZ9: 0 | CA9: 0 | CB9: =_xlfn.XLOOKUP(BQ9,$B$3:$B$18,$G$3:$G$18) -> C1V | CC9: =_xlfn.XLOOKUP(BR9,$B$3:$B$18,$G$3:$G$18) -> C1V | CD9: =_xlfn.XLOOKUP(BS9,$B$3:$B$18,$G$3:$G$18) -> C1V | CE9: =_xlfn.XLOOKUP(BT9,$B$3:$B$18,$G$3:$G$18) -> C1V
A10: Do Steps 7 - 10 for angles and dihedrals | B10: 15 | C10: 0.03 | D10: 2.5 | E10: 15 | F10: 1.008 | G10: HV | Q10: 9 | R10: 6 | S10: 1 | T10: 0.141 | U10: 267776 | V10: =_xlfn.XLOOKUP(Q10,$B$3:$B$18,$G$3:$G$18) -> O1V | W10: =_xlfn.XLOOKUP(R10,$B$3:$B$18,$G$3:$G$18) -> C1V | AG10: 3 | AH10: 6 | AI10: 10 | AJ10: 1 | AK10: 112.7 | AL10: 488.273 | AM10: =_xlfn.XLOOKUP(AG10,$B$3:$B$18,$G$3:$G$18) -> C1V | AN10: =_xlfn.XLOOKUP(AH10,$B$3:$B$18,$G$3:$G$18) -> C1V | AO10: =_xlfn.XLOOKUP(AI10,$B$3:$B$18,$G$3:$G$18) -> C1V | AQ10: 9 | AR10: 12 | AS10: 16 | AT10: 1 | AU10: 123.4 | AV10: 694.544 | AW10: =_xlfn.XLOOKUP(AQ10,$B$3:$B$18,$G$3:$G$18) -> O1V | AX10: =_xlfn.XLOOKUP(AR10,$B$3:$B$18,$G$3:$G$18) -> C2V | AY10: =_xlfn.XLOOKUP(AS10,$B$3:$B$18,$G$3:$G$18) -> O2V | BA10: 6 | BB10: 3 | BC10: 2 | BD10: 5 | BE10: 3 | BF10: 0.628 | BG10: 1.883 | BH10: 0 | BI10: -2.51 | BJ10: 0 | BK10: 0 | BL10: =_xlfn.XLOOKUP(BA10,$B$3:$B$18,$G$3:$G$18) -> C1V | BM10: =_xlfn.XLOOKUP(BB10,$B$3:$B$18,$G$3:$G$18) -> C1V | BN10: =_xlfn.XLOOKUP(BC10,$B$3:$B$18,$G$3:$G$18) -> C1V | BO10: =_xlfn.XLOOKUP(BD10,$B$3:$B$18,$G$3:$G$18) -> HV | BQ10: 13 | BR10: 10 | BS10: 6 | BT10: 3 | BU10: 3 | BV10: 2.874 | BW10: 0.582 | BX10: 2.092 | BY10: -5.548 | BZ10: 0 | CA10: 0 | CB10: =_xlfn.XLOOKUP(BQ10,$B$3:$B$18,$G$3:$G$18) -> O1V | CC10: =_xlfn.XLOOKUP(BR10,$B$3:$B$18,$G$3:$G$18) -> C1V | CD10: =_xlfn.XLOOKUP(BS10,$B$3:$B$18,$G$3:$G$18) -> C1V | CE10: =_xlfn.XLOOKUP(BT10,$B$3:$B$18,$G$3:$G$18) -> C1V
B11: 9 | C11: 0.14 | D11: 2.9 | E11: 9 | F11: 15.999 | G11: O1V | Q11: 10 | R11: 6 | S11: 1 | T11: 0.1529 | U11: 224262.4 | V11: =_xlfn.XLOOKUP(Q11,$B$3:$B$18,$G$3:$G$18) -> C1V | W11: =_xlfn.XLOOKUP(R11,$B$3:$B$18,$G$3:$G$18) -> C1V | AG11: 3 | AH11: 6 | AI11: 11 | AJ11: 1 | AK11: 110.7 | AL11: 313.8 | AM11: =_xlfn.XLOOKUP(AG11,$B$3:$B$18,$G$3:$G$18) -> C1V | AN11: =_xlfn.XLOOKUP(AH11,$B$3:$B$18,$G$3:$G$18) -> C1V | AO11: =_xlfn.XLOOKUP(AI11,$B$3:$B$18,$G$3:$G$18) -> HV | BA11: 10 | BB11: 6 | BC11: 3 | BD11: 8 | BE11: 3 | BF11: 0.628 | BG11: 1.883 | BH11: 0 | BI11: -2.51 | BJ11: 0 | BK11: 0 | BL11: =_xlfn.XLOOKUP(BA11,$B$3:$B$18,$G$3:$G$18) -> C1V | BM11: =_xlfn.XLOOKUP(BB11,$B$3:$B$18,$G$3:$G$18) -> C1V | BN11: =_xlfn.XLOOKUP(BC11,$B$3:$B$18,$G$3:$G$18) -> C1V | BO11: =_xlfn.XLOOKUP(BD11,$B$3:$B$18,$G$3:$G$18) -> HV | BQ11: 16 | BR11: 12 | BS11: 13 | BT11: 10 | BU11: 3 | BV11: 21.439 | BW11: 0 | BX11: -21.439 | BY11: 0 | BZ11: 0 | CA11: 0 | CB11: =_xlfn.XLOOKUP(BQ11,$B$3:$B$18,$G$3:$G$18) -> O2V | CC11: =_xlfn.XLOOKUP(BR11,$B$3:$B$18,$G$3:$G$18) -> C2V | CD11: =_xlfn.XLOOKUP(BS11,$B$3:$B$18,$G$3:$G$18) -> O1V | CE11: =_xlfn.XLOOKUP(BT11,$B$3:$B$18,$G$3:$G$18) -> C1V
B12: 13 | C12: 0.14 | D12: 2.9 | E12: 13 | F12: 15.999 | G12: O1V | Q12: 11 | R12: 6 | S12: 1 | T12: 0.109 | U12: 284512 | V12: =_xlfn.XLOOKUP(Q12,$B$3:$B$18,$G$3:$G$18) -> HV | W12: =_xlfn.XLOOKUP(R12,$B$3:$B$18,$G$3:$G$18) -> C1V | AG12: 6 | AH12: 9 | AI12: 12 | AJ12: 1 | AK12: 116.9 | AL12: 694.544 | AM12: =_xlfn.XLOOKUP(AG12,$B$3:$B$18,$G$3:$G$18) -> C1V | AN12: =_xlfn.XLOOKUP(AH12,$B$3:$B$18,$G$3:$G$18) -> O1V | AO12: =_xlfn.XLOOKUP(AI12,$B$3:$B$18,$G$3:$G$18) -> C2V | BA12: 6 | BB12: 3 | BC12: 2 | BD12: 4 | BE12: 3 | BF12: 0.628 | BG12: 1.883 | BH12: 0 | BI12: -2.51 | BJ12: 0 | BK12: 0 | BL12: =_xlfn.XLOOKUP(BA12,$B$3:$B$18,$G$3:$G$18) -> C1V | BM12: =_xlfn.XLOOKUP(BB12,$B$3:$B$18,$G$3:$G$18) -> C1V | BN12: =_xlfn.XLOOKUP(BC12,$B$3:$B$18,$G$3:$G$18) -> C1V | BO12: =_xlfn.XLOOKUP(BD12,$B$3:$B$18,$G$3:$G$18) -> HV | BQ12: 10 | BR12: 13 | BS12: 12 | BT12: 9 | BU12: 3 | BV12: 31.206 | BW12: -9.768 | BX12: -21.439 | BY12: 0 | BZ12: 0 | CA12: 0 | CB12: =_xlfn.XLOOKUP(BQ12,$B$3:$B$18,$G$3:$G$18) -> C1V | CC12: =_xlfn.XLOOKUP(BR12,$B$3:$B$18,$G$3:$G$18) -> O1V | CD12: =_xlfn.XLOOKUP(BS12,$B$3:$B$18,$G$3:$G$18) -> C2V | CE12: =_xlfn.XLOOKUP(BT12,$B$3:$B$18,$G$3:$G$18) -> O1V
B13: 16 | C13: 0.21 | D13: 2.96 | E13: 16 | F13: 15.999 | G13: O2V | Q13: 12 | R13: 9 | S13: 1 | T13: 0.1327 | U13: 179075.2 | V13: =_xlfn.XLOOKUP(Q13,$B$3:$B$18,$G$3:$G$18) -> C2V | W13: =_xlfn.XLOOKUP(R13,$B$3:$B$18,$G$3:$G$18) -> O1V | AG13: 6 | AH13: 10 | AI13: 13 | AJ13: 1 | AK13: 109.5 | AL13: 418.4 | AM13: =_xlfn.XLOOKUP(AG13,$B$3:$B$18,$G$3:$G$18) -> C1V | AN13: =_xlfn.XLOOKUP(AH13,$B$3:$B$18,$G$3:$G$18) -> C1V | AO13: =_xlfn.XLOOKUP(AI13,$B$3:$B$18,$G$3:$G$18) -> O1V | BA13: 10 | BB13: 13 | BC13: 12 | BD13: 9 | BE13: 3 | BF13: 31.206 | BG13: -9.768 | BH13: -21.439 | BI13: 0 | BJ13: 0 | BK13: 0 | BL13: =_xlfn.XLOOKUP(BA13,$B$3:$B$18,$G$3:$G$18) -> C1V | BM13: =_xlfn.XLOOKUP(BB13,$B$3:$B$18,$G$3:$G$18) -> O1V | BN13: =_xlfn.XLOOKUP(BC13,$B$3:$B$18,$G$3:$G$18) -> C2V | BO13: =_xlfn.XLOOKUP(BD13,$B$3:$B$18,$G$3:$G$18) -> O1V
B14: 2 | C14: 0.066 | D14: 3.5 | E14: 2 | F14: 12.011 | G14: C1V | Q14: 13 | R14: 10 | S14: 1 | T14: 0.141 | U14: 267776 | V14: =_xlfn.XLOOKUP(Q14,$B$3:$B$18,$G$3:$G$18) -> O1V | W14: =_xlfn.XLOOKUP(R14,$B$3:$B$18,$G$3:$G$18) -> C1V | AG14: 6 | AH14: 10 | AI14: 14 | AJ14: 1 | AK14: 110.7 | AL14: 313.8 | AM14: =_xlfn.XLOOKUP(AG14,$B$3:$B$18,$G$3:$G$18) -> C1V | AN14: =_xlfn.XLOOKUP(AH14,$B$3:$B$18,$G$3:$G$18) -> C1V | AO14: =_xlfn.XLOOKUP(AI14,$B$3:$B$18,$G$3:$G$18) -> HV | BA14: 15 | BB14: 10 | BC14: 6 | BD14: 3 | BE14: 3 | BF14: 0.628 | BG14: 1.883 | BH14: 0 | BI14: -2.51 | BJ14: 0 | BK14: 0 | BL14: =_xlfn.XLOOKUP(BA14,$B$3:$B$18,$G$3:$G$18) -> HV | BM14: =_xlfn.XLOOKUP(BB14,$B$3:$B$18,$G$3:$G$18) -> C1V | BN14: =_xlfn.XLOOKUP(BC14,$B$3:$B$18,$G$3:$G$18) -> C1V | BO14: =_xlfn.XLOOKUP(BD14,$B$3:$B$18,$G$3:$G$18) -> C1V
